Group,Organization,Model,Name,Metadata,Catalog,NCML,FTP,Contact,EMAIL,Summary
inundation_tropical,NOAA Meteorological Development Lab,SLOSH,Hurricane_Ike_final_run_egm3,ftp://comt.sura.org/comt_1_archive/inundation_tropical/MDL_SLOSH/Hurricane_Ike_final_run_egm3/readme.txt,http://comt.sura.org/thredds/catalog/comt_1_archive_full/inundation_tropical/MDL_SLOSH/Hurricane_Ike_final_run_egm3/catalog.html,http://comt.sura.org/thredds/comt_1_archive_summary.html?dataset=inundation_tropical.MDL_SLOSH.Hurricane_Ike_final_run_egm3,ftp://comt.sura.org/comt_1_archive/inundation_tropical/MDL_SLOSH/Hurricane_Ike_final_run_egm3/,Arthur Taylor,ftp://comt.sura.org/comt_1_archive/inundation_tropical/MDL_SLOSH/Hurricane_Ike_final_run_egm3/,A hindcast of Hurricane Ike (2008) using SLOSH on the egm3 mesh with SLOSH's internal wind model.
inundation_tropical,NOAA Meteorological Development Lab,SLOSH,Hurricane_Rita_final_run_egm3,ftp://comt.sura.org/comt_1_archive/inundation_tropical/MDL_SLOSH/Hurricane_Rita_final_run_egm3/readme.txt,http://comt.sura.org/thredds/catalog/comt_1_archive_full/inundation_tropical/MDL_SLOSH/Hurricane_Rita_final_run_egm3/catalog.html,http://comt.sura.org/thredds/comt_1_archive_summary.html?dataset=inundation_tropical.MDL_SLOSH.Hurricane_Rita_final_run_egm3,ftp://comt.sura.org/comt_1_archive/inundation_tropical/MDL_SLOSH/Hurricane_Rita_final_run_egm3/,Arthur Taylor,ftp://comt.sura.org/comt_1_archive/inundation_tropical/MDL_SLOSH/Hurricane_Rita_final_run_egm3/,A hindcast of Hurricane Rita (2005) using SLOSH on the egm3 mesh with SLOSH's internal wind model.
inundation_tropical,University of Notre Dame,ADCIRC,Hurricane_Ike_2D_final_run_with_waves,ftp://comt.sura.org/comt_1_archive/inundation_tropical/UND_ADCIRC/Hurricane_Ike_2D_final_run_with_waves/Model_Metadata_Ike.ULLR2D.wva.e4.docx,http://comt.sura.org/thredds/catalog/comt_1_archive_full/inundation_tropical/UND_ADCIRC/Hurricane_Ike_2D_final_run_with_waves/catalog.html,http://comt.sura.org/thredds/comt_1_archive_summary.html?dataset=inundation_tropical.UND_ADCIRC.Hurricane_Ike_2D_final_run_with_waves,ftp://comt.sura.org/comt_1_archive/inundation_tropical/UND_ADCIRC/Hurricane_Ike_2D_final_run_with_waves/,Patrick Corbitt Kerr,ftp://comt.sura.org/comt_1_archive/inundation_tropical/UND_ADCIRC/Hurricane_Ike_2D_final_run_with_waves/,A 2D hindcast of Hurricane Ike (2008) using SWAN+ADCIRC on the ULLR mesh (includes waves).
inundation_tropical,University of Notre Dame,ADCIRC,Hurricane_Ike_2D_final_run_without_waves,ftp://comt.sura.org/comt_1_archive/inundation_tropical/UND_ADCIRC/Hurricane_Ike_2D_final_run_without_waves/Model_Metadata_Ike.ULLR2D.ha.e4.docx,http://comt.sura.org/thredds/catalog/comt_1_archive_full/inundation_tropical/UND_ADCIRC/Hurricane_Ike_2D_final_run_without_waves/catalog.html,http://comt.sura.org/thredds/comt_1_archive_summary.html?dataset=inundation_tropical.UND_ADCIRC.Hurricane_Ike_2D_final_run_without_waves,ftp://comt.sura.org/comt_1_archive/inundation_tropical/UND_ADCIRC/Hurricane_Ike_2D_final_run_without_waves/,Patrick Corbitt Kerr,ftp://comt.sura.org/comt_1_archive/inundation_tropical/UND_ADCIRC/Hurricane_Ike_2D_final_run_without_waves/,A 2D hindcast of Hurricane Ike (2008) using ADCIRC on the ULLR mesh (does not include waves).
inundation_tropical,University of Notre Dame,ADCIRC,Hurricane_Ike_2D_preliminary_run_1_spinup,ftp://comt.sura.org/comt_1_archive/inundation_tropical/UND_ADCIRC/Hurricane_Ike_2D_preliminary_run_1_spinup/Model_Metadata_Ike.ULLR2D.sa.e4.docx,http://comt.sura.org/thredds/catalog/comt_1_archive_full/inundation_tropical/UND_ADCIRC/Hurricane_Ike_2D_preliminary_run_1_spinup/catalog.html,http://comt.sura.org/thredds/comt_1_archive_summary.html?dataset=inundation_tropical.UND_ADCIRC.Hurricane_Ike_2D_preliminary_run_1_spinup,ftp://comt.sura.org/comt_1_archive/inundation_tropical/UND_ADCIRC/Hurricane_Ike_2D_preliminary_run_1_spinup/,Patrick Corbitt Kerr,ftp://comt.sura.org/comt_1_archive/inundation_tropical/UND_ADCIRC/Hurricane_Ike_2D_preliminary_run_1_spinup/,A 2D spinup of Hurricane Ike (2008) using ADCIRC on the ULLR mesh.
inundation_tropical,University of Notre Dame,ADCIRC,Hurricane_Ike_2D_preliminary_run_2_spinup_without_advection_implicit_1s,ftp://comt.sura.org/comt_1_archive/inundation_tropical/UND_ADCIRC/Hurricane_Ike_2D_preliminary_run_2_spinup_without_advection_implicit_1s/Model_Metadata_Ike.ULLR2D.s.docx,http://comt.sura.org/thredds/catalog/comt_1_archive_full/inundation_tropical/UND_ADCIRC/Hurricane_Ike_2D_preliminary_run_2_spinup_without_advection_implicit_1s/catalog.html,http://comt.sura.org/thredds/comt_1_archive_summary.html?dataset=inundation_tropical.UND_ADCIRC.Hurricane_Ike_2D_preliminary_run_2_spinup_without_advection_implicit_1s,ftp://comt.sura.org/comt_1_archive/inundation_tropical/UND_ADCIRC/Hurricane_Ike_2D_preliminary_run_2_spinup_without_advection_implicit_1s/,Patrick Corbitt Kerr,ftp://comt.sura.org/comt_1_archive/inundation_tropical/UND_ADCIRC/Hurricane_Ike_2D_preliminary_run_2_spinup_without_advection_implicit_1s/,A 2D spinup of Hurricane Ike (2008) using ADCIRC on the ULLR mesh without advection (implicit time step).
inundation_tropical,University of Notre Dame,ADCIRC,Hurricane_Ike_2D_preliminary_run_3_spinup_with_levees,ftp://comt.sura.org/comt_1_archive/inundation_tropical/UND_ADCIRC/Hurricane_Ike_2D_preliminary_run_3_spinup_with_levees/Model_Metadata_Ike.UL2D.sa.docx,http://comt.sura.org/thredds/catalog/comt_1_archive_full/inundation_tropical/UND_ADCIRC/Hurricane_Ike_2D_preliminary_run_3_spinup_with_levees/catalog.html,http://comt.sura.org/thredds/comt_1_archive_summary.html?dataset=inundation_tropical.UND_ADCIRC.Hurricane_Ike_2D_preliminary_run_3_spinup_with_levees,ftp://comt.sura.org/comt_1_archive/inundation_tropical/UND_ADCIRC/Hurricane_Ike_2D_preliminary_run_3_spinup_with_levees/,Patrick Corbitt Kerr,ftp://comt.sura.org/comt_1_archive/inundation_tropical/UND_ADCIRC/Hurricane_Ike_2D_preliminary_run_3_spinup_with_levees/,A 2D spinup of Hurricane Ike (2008) using ADCIRC on the UL mesh (levees included).
inundation_tropical,University of Notre Dame,ADCIRC,Hurricane_Ike_2D_preliminary_run_4_spinup_with_levees_and_river_flow,ftp://comt.sura.org/comt_1_archive/inundation_tropical/UND_ADCIRC/Hurricane_Ike_2D_preliminary_run_4_spinup_with_levees_and_river_flow/Model_Metadata_Ike.UL2D.sa.f.docx,http://comt.sura.org/thredds/catalog/comt_1_archive_full/inundation_tropical/UND_ADCIRC/Hurricane_Ike_2D_preliminary_run_4_spinup_with_levees_and_river_flow/catalog.html,http://comt.sura.org/thredds/comt_1_archive_summary.html?dataset=inundation_tropical.UND_ADCIRC.Hurricane_Ike_2D_preliminary_run_4_spinup_with_levees_and_river_flow,ftp://comt.sura.org/comt_1_archive/inundation_tropical/UND_ADCIRC/Hurricane_Ike_2D_preliminary_run_4_spinup_with_levees_and_river_flow/,Patrick Corbitt Kerr,ftp://comt.sura.org/comt_1_archive/inundation_tropical/UND_ADCIRC/Hurricane_Ike_2D_preliminary_run_4_spinup_with_levees_and_river_flow/,A 2D spinup of Hurricane Ike (2008) using ADCIRC on the UL mesh with river flow (levees included and river flux Atchafalaya and Mississippi River boundary conditions).
inundation_tropical,University of Notre Dame,ADCIRC,Hurricane_Ike_2D_preliminary_run_5_tides_only,ftp://comt.sura.org/comt_1_archive/inundation_tropical/UND_ADCIRC/Hurricane_Ike_2D_preliminary_run_5_tides_only/Model_Metadata_Ike.ULLR2D.t.docx,http://comt.sura.org/thredds/catalog/comt_1_archive_full/inundation_tropical/UND_ADCIRC/Hurricane_Ike_2D_preliminary_run_5_tides_only/catalog.html,http://comt.sura.org/thredds/comt_1_archive_summary.html?dataset=inundation_tropical.UND_ADCIRC.Hurricane_Ike_2D_preliminary_run_5_tides_only,ftp://comt.sura.org/comt_1_archive/inundation_tropical/UND_ADCIRC/Hurricane_Ike_2D_preliminary_run_5_tides_only/,Patrick Corbitt Kerr,ftp://comt.sura.org/comt_1_archive/inundation_tropical/UND_ADCIRC/Hurricane_Ike_2D_preliminary_run_5_tides_only/,A 2D hindcast of Hurricane Ike (2008) using ADCIRC on the ULLR mesh without meteorological forcing (tides only).
inundation_tropical,University of Notre Dame,ADCIRC,Hurricane_Ike_2D_preliminary_run_6_without_waves_and_advection_implicit_1s,ftp://comt.sura.org/comt_1_archive/inundation_tropical/UND_ADCIRC/Hurricane_Ike_2D_preliminary_run_6_without_waves_and_advection_implicit_1s/Model_Metadata_Ike.ULLR2D.h.docx,http://comt.sura.org/thredds/catalog/comt_1_archive_full/inundation_tropical/UND_ADCIRC/Hurricane_Ike_2D_preliminary_run_6_without_waves_and_advection_implicit_1s/catalog.html,http://comt.sura.org/thredds/comt_1_archive_summary.html?dataset=inundation_tropical.UND_ADCIRC.Hurricane_Ike_2D_preliminary_run_6_without_waves_and_advection_implicit_1s,ftp://comt.sura.org/comt_1_archive/inundation_tropical/UND_ADCIRC/Hurricane_Ike_2D_preliminary_run_6_without_waves_and_advection_implicit_1s/,Patrick Corbitt Kerr,ftp://comt.sura.org/comt_1_archive/inundation_tropical/UND_ADCIRC/Hurricane_Ike_2D_preliminary_run_6_without_waves_and_advection_implicit_1s/,A 2D hindcast of Hurricane Ike (2008) using ADCIRC on the ULLR mesh without advection (implicit time step and does not include waves).
inundation_tropical,University of Notre Dame,ADCIRC,Hurricane_Ike_2D_preliminary_run_7_with_waves_without_advection_implicit_1s,ftp://comt.sura.org/comt_1_archive/inundation_tropical/UND_ADCIRC/Hurricane_Ike_2D_preliminary_run_7_with_waves_without_advection_implicit_1s/Model_Metadata_Ike.ULLR2D.wv.docx,http://comt.sura.org/thredds/catalog/comt_1_archive_full/inundation_tropical/UND_ADCIRC/Hurricane_Ike_2D_preliminary_run_7_with_waves_without_advection_implicit_1s/catalog.html,http://comt.sura.org/thredds/comt_1_archive_summary.html?dataset=inundation_tropical.UND_ADCIRC.Hurricane_Ike_2D_preliminary_run_7_with_waves_without_advection_implicit_1s,ftp://comt.sura.org/comt_1_archive/inundation_tropical/UND_ADCIRC/Hurricane_Ike_2D_preliminary_run_7_with_waves_without_advection_implicit_1s/,Patrick Corbitt Kerr,ftp://comt.sura.org/comt_1_archive/inundation_tropical/UND_ADCIRC/Hurricane_Ike_2D_preliminary_run_7_with_waves_without_advection_implicit_1s/,A 2D hindcast of Hurricane Ike (2008) using SWAN+ADCIRC on the ULLR mesh without advection (implicit time step and waves included).
inundation_tropical,University of Notre Dame,ADCIRC,Hurricane_Ike_2D_preliminary_run_8_with_waves_and_levees,ftp://comt.sura.org/comt_1_archive/inundation_tropical/UND_ADCIRC/Hurricane_Ike_2D_preliminary_run_8_with_waves_and_levees/Model_Metadata_Ike.UL2D.wva.docx,http://comt.sura.org/thredds/catalog/comt_1_archive_full/inundation_tropical/UND_ADCIRC/Hurricane_Ike_2D_preliminary_run_8_with_waves_and_levees/catalog.html,http://comt.sura.org/thredds/comt_1_archive_summary.html?dataset=inundation_tropical.UND_ADCIRC.Hurricane_Ike_2D_preliminary_run_8_with_waves_and_levees,ftp://comt.sura.org/comt_1_archive/inundation_tropical/UND_ADCIRC/Hurricane_Ike_2D_preliminary_run_8_with_waves_and_levees/,Patrick Corbitt Kerr,ftp://comt.sura.org/comt_1_archive/inundation_tropical/UND_ADCIRC/Hurricane_Ike_2D_preliminary_run_8_with_waves_and_levees/,A 2D hindcast of Hurricane Ike (2008) using SWAN+ADCIRC on the UL mesh (levees and waves included).
inundation_tropical,University of Notre Dame,ADCIRC,Hurricane_Ike_2D_preliminary_run_9_with_waves_and_levees_and_river_flow,ftp://comt.sura.org/comt_1_archive/inundation_tropical/UND_ADCIRC/Hurricane_Ike_2D_preliminary_run_9_with_waves_and_levees_and_river_flow/Model_Metadata_Ike.UL2D.wva.f.docx,http://comt.sura.org/thredds/catalog/comt_1_archive_full/inundation_tropical/UND_ADCIRC/Hurricane_Ike_2D_preliminary_run_9_with_waves_and_levees_and_river_flow/catalog.html,http://comt.sura.org/thredds/comt_1_archive_summary.html?dataset=inundation_tropical.UND_ADCIRC.Hurricane_Ike_2D_preliminary_run_9_with_waves_and_levees_and_river_flow,ftp://comt.sura.org/comt_1_archive/inundation_tropical/UND_ADCIRC/Hurricane_Ike_2D_preliminary_run_9_with_waves_and_levees_and_river_flow/,Patrick Corbitt Kerr,ftp://comt.sura.org/comt_1_archive/inundation_tropical/UND_ADCIRC/Hurricane_Ike_2D_preliminary_run_9_with_waves_and_levees_and_river_flow/,"A 2D hindcast of Hurricane Ike (2008) using SWAN+ADCIRC on the UL mesh with river flow (levees, waves, and river flux Atchafalaya and Mississippi River boundary conditions included)."
inundation_tropical,University of Notre Dame,ADCIRC,Hurricane_Ike_3D_final_run_with_waves,ftp://comt.sura.org/comt_1_archive/inundation_tropical/UND_ADCIRC/Hurricane_Ike_3D_final_run_with_waves/Model_Metadata_Ike.ULLR3D.wva.docx,http://comt.sura.org/thredds/catalog/comt_1_archive_full/inundation_tropical/UND_ADCIRC/Hurricane_Ike_3D_final_run_with_waves/catalog.html,http://comt.sura.org/thredds/comt_1_archive_summary.html?dataset=inundation_tropical.UND_ADCIRC.Hurricane_Ike_3D_final_run_with_waves,ftp://comt.sura.org/comt_1_archive/inundation_tropical/UND_ADCIRC/Hurricane_Ike_3D_final_run_with_waves/,Patrick Corbitt Kerr,ftp://comt.sura.org/comt_1_archive/inundation_tropical/UND_ADCIRC/Hurricane_Ike_3D_final_run_with_waves/,A 3D hindcast of Hurricane Ike (2008) using SWAN+ADCIRC on the ULLR mesh (includes waves).
inundation_tropical,University of Notre Dame,ADCIRC,Hurricane_Ike_3D_final_run_without_waves,ftp://comt.sura.org/comt_1_archive/inundation_tropical/UND_ADCIRC/Hurricane_Ike_3D_final_run_without_waves/Model_Metadata_Ike.ULLR3D.ha.docx,http://comt.sura.org/thredds/catalog/comt_1_archive_full/inundation_tropical/UND_ADCIRC/Hurricane_Ike_3D_final_run_without_waves/catalog.html,http://comt.sura.org/thredds/comt_1_archive_summary.html?dataset=inundation_tropical.UND_ADCIRC.Hurricane_Ike_3D_final_run_without_waves,ftp://comt.sura.org/comt_1_archive/inundation_tropical/UND_ADCIRC/Hurricane_Ike_3D_final_run_without_waves/,Patrick Corbitt Kerr,ftp://comt.sura.org/comt_1_archive/inundation_tropical/UND_ADCIRC/Hurricane_Ike_3D_final_run_without_waves/,A 3D hindcast of Hurricane Ike (2008) using ADCIRC on the ULLR mesh (does not include waves).
inundation_tropical,University of Notre Dame,ADCIRC,Hurricane_Ike_3D_preliminary_run_1_spinup,ftp://comt.sura.org/comt_1_archive/inundation_tropical/UND_ADCIRC/Hurricane_Ike_3D_preliminary_run_1_spinup/Model_Metadata_Ike.ULLR3D.sa.docx,http://comt.sura.org/thredds/catalog/comt_1_archive_full/inundation_tropical/UND_ADCIRC/Hurricane_Ike_3D_preliminary_run_1_spinup/catalog.html,http://comt.sura.org/thredds/comt_1_archive_summary.html?dataset=inundation_tropical.UND_ADCIRC.Hurricane_Ike_3D_preliminary_run_1_spinup,ftp://comt.sura.org/comt_1_archive/inundation_tropical/UND_ADCIRC/Hurricane_Ike_3D_preliminary_run_1_spinup/,Patrick Corbitt Kerr,ftp://comt.sura.org/comt_1_archive/inundation_tropical/UND_ADCIRC/Hurricane_Ike_3D_preliminary_run_1_spinup/,A 3D spinup of Hurricane Ike (2008) using ADCIRC on the ULLR mesh.
inundation_tropical,University of Notre Dame,ADCIRC,Hurricane_Ike_Timing_with_waves,ftp://comt.sura.org/comt_1_archive/inundation_tropical/UND_ADCIRC/Hurricane_Ike_Timing_with_waves/Model_Metadata_Ike_ULLR_Timing_with_waves.docx,http://comt.sura.org/thredds/catalog/comt_1_archive_full/inundation_tropical/UND_ADCIRC/Hurricane_Ike_Timing_with_waves/catalog.html,http://comt.sura.org/thredds/comt_1_archive_summary.html?dataset=inundation_tropical.UND_ADCIRC.Hurricane_Ike_Timing_with_waves,ftp://comt.sura.org/comt_1_archive/inundation_tropical/UND_ADCIRC/Hurricane_Ike_Timing_with_waves/,Patrick Corbitt Kerr,ftp://comt.sura.org/comt_1_archive/inundation_tropical/UND_ADCIRC/Hurricane_Ike_Timing_with_waves/,Benchmark portion of a 2D Hurricane Ike (2008) hindcast using SWAN+ADCIRC on the ULLR mesh (includes waves).
inundation_tropical,University of Notre Dame,ADCIRC,Hurricane_Ike_Timing_without_waves,ftp://comt.sura.org/comt_1_archive/inundation_tropical/UND_ADCIRC/Hurricane_Ike_Timing_without_waves/Model_Metadata_Ike_ULLR_Timing_without_waves.docx,http://comt.sura.org/thredds/catalog/comt_1_archive_full/inundation_tropical/UND_ADCIRC/Hurricane_Ike_Timing_without_waves/catalog.html,http://comt.sura.org/thredds/comt_1_archive_summary.html?dataset=inundation_tropical.UND_ADCIRC.Hurricane_Ike_Timing_without_waves,ftp://comt.sura.org/comt_1_archive/inundation_tropical/UND_ADCIRC/Hurricane_Ike_Timing_without_waves/,Patrick Corbitt Kerr,ftp://comt.sura.org/comt_1_archive/inundation_tropical/UND_ADCIRC/Hurricane_Ike_Timing_without_waves/,Benchmark portion of a 2D Hurricane Ike (2008) hindcast using ADCIRC on the ULLR mesh (does not include waves).
inundation_tropical,University of Notre Dame,ADCIRC,Hurricane_Rita_2D_final_run_with_waves,ftp://comt.sura.org/comt_1_archive/inundation_tropical/UND_ADCIRC/Hurricane_Rita_2D_final_run_with_waves/Model_Metadata_Rita.ULLR2D.wva.e4.docx,http://comt.sura.org/thredds/catalog/comt_1_archive_full/inundation_tropical/UND_ADCIRC/Hurricane_Rita_2D_final_run_with_waves/catalog.html,http://comt.sura.org/thredds/comt_1_archive_summary.html?dataset=inundation_tropical.UND_ADCIRC.Hurricane_Rita_2D_final_run_with_waves,ftp://comt.sura.org/comt_1_archive/inundation_tropical/UND_ADCIRC/Hurricane_Rita_2D_final_run_with_waves/,Patrick Corbitt Kerr,ftp://comt.sura.org/comt_1_archive/inundation_tropical/UND_ADCIRC/Hurricane_Rita_2D_final_run_with_waves/,A 2D hindcast of Hurricane Rita (2005) using SWAN+ADCIRC on the ULLR mesh (includes waves).
inundation_tropical,University of Notre Dame,ADCIRC,Hurricane_Rita_2D_final_run_without_waves,ftp://comt.sura.org/comt_1_archive/inundation_tropical/UND_ADCIRC/Hurricane_Rita_2D_final_run_without_waves/Model_Metadata_Rita.ULLR2D.ha.e4.docx,http://comt.sura.org/thredds/catalog/comt_1_archive_full/inundation_tropical/UND_ADCIRC/Hurricane_Rita_2D_final_run_without_waves/catalog.html,http://comt.sura.org/thredds/comt_1_archive_summary.html?dataset=inundation_tropical.UND_ADCIRC.Hurricane_Rita_2D_final_run_without_waves,ftp://comt.sura.org/comt_1_archive/inundation_tropical/UND_ADCIRC/Hurricane_Rita_2D_final_run_without_waves/,Patrick Corbitt Kerr,ftp://comt.sura.org/comt_1_archive/inundation_tropical/UND_ADCIRC/Hurricane_Rita_2D_final_run_without_waves/,A 2D hindcast of Hurricane Rita (2005) using ADCIRC on the ULLR mesh (does not include waves).
inundation_tropical,University of Notre Dame,ADCIRC,Hurricane_Rita_2D_preliminary_run_1_spinup,ftp://comt.sura.org/comt_1_archive/inundation_tropical/UND_ADCIRC/Hurricane_Rita_2D_preliminary_run_1_spinup/Model_Metadata_Rita.ULLR2D.sa.e4.docx,http://comt.sura.org/thredds/catalog/comt_1_archive_full/inundation_tropical/UND_ADCIRC/Hurricane_Rita_2D_preliminary_run_1_spinup/catalog.html,http://comt.sura.org/thredds/comt_1_archive_summary.html?dataset=inundation_tropical.UND_ADCIRC.Hurricane_Rita_2D_preliminary_run_1_spinup,ftp://comt.sura.org/comt_1_archive/inundation_tropical/UND_ADCIRC/Hurricane_Rita_2D_preliminary_run_1_spinup/,Patrick Corbitt Kerr,ftp://comt.sura.org/comt_1_archive/inundation_tropical/UND_ADCIRC/Hurricane_Rita_2D_preliminary_run_1_spinup/,A 2D spinup of Hurricane Rita (2005) using ADCIRC on the ULLR mesh.
inundation_tropical,University of Notre Dame,ADCIRC,Hurricane_Rita_2D_preliminary_run_2_spinup_without_advection_implicit_1s,ftp://comt.sura.org/comt_1_archive/inundation_tropical/UND_ADCIRC/Hurricane_Rita_2D_preliminary_run_2_spinup_without_advection_implicit_1s/Model_Metadata_Rita.ULLR2D.s.docx,http://comt.sura.org/thredds/catalog/comt_1_archive_full/inundation_tropical/UND_ADCIRC/Hurricane_Rita_2D_preliminary_run_2_spinup_without_advection_implicit_1s/catalog.html,http://comt.sura.org/thredds/comt_1_archive_summary.html?dataset=inundation_tropical.UND_ADCIRC.Hurricane_Rita_2D_preliminary_run_2_spinup_without_advection_implicit_1s,ftp://comt.sura.org/comt_1_archive/inundation_tropical/UND_ADCIRC/Hurricane_Rita_2D_preliminary_run_2_spinup_without_advection_implicit_1s/,Patrick Corbitt Kerr,ftp://comt.sura.org/comt_1_archive/inundation_tropical/UND_ADCIRC/Hurricane_Rita_2D_preliminary_run_2_spinup_without_advection_implicit_1s/,A 2D spinup of Hurricane Rita (2005) using ADCIRC on the ULLR mesh without advection (implicit time step).
inundation_tropical,University of Notre Dame,ADCIRC,Hurricane_Rita_2D_preliminary_run_3_tides_only,ftp://comt.sura.org/comt_1_archive/inundation_tropical/UND_ADCIRC/Hurricane_Rita_2D_preliminary_run_3_tides_only/Model_Metadata_Rita.ULLR2D.t.docx,http://comt.sura.org/thredds/catalog/comt_1_archive_full/inundation_tropical/UND_ADCIRC/Hurricane_Rita_2D_preliminary_run_3_tides_only/catalog.html,http://comt.sura.org/thredds/comt_1_archive_summary.html?dataset=inundation_tropical.UND_ADCIRC.Hurricane_Rita_2D_preliminary_run_3_tides_only,ftp://comt.sura.org/comt_1_archive/inundation_tropical/UND_ADCIRC/Hurricane_Rita_2D_preliminary_run_3_tides_only/,Patrick Corbitt Kerr,ftp://comt.sura.org/comt_1_archive/inundation_tropical/UND_ADCIRC/Hurricane_Rita_2D_preliminary_run_3_tides_only/,A 2D hindcast of Hurricane Rita (2005) using ADCIRC on the ULLR mesh without meteorological forcing (tides only).
inundation_tropical,University of Notre Dame,ADCIRC,Hurricane_Rita_2D_preliminary_run_4_with_waves_without_advection_implicit_1s,ftp://comt.sura.org/comt_1_archive/inundation_tropical/UND_ADCIRC/Hurricane_Rita_2D_preliminary_run_4_with_waves_without_advection_implicit_1s/Model_Metadata_Rita.ULLR2D.wv.docx,http://comt.sura.org/thredds/catalog/comt_1_archive_full/inundation_tropical/UND_ADCIRC/Hurricane_Rita_2D_preliminary_run_4_with_waves_without_advection_implicit_1s/catalog.html,http://comt.sura.org/thredds/comt_1_archive_summary.html?dataset=inundation_tropical.UND_ADCIRC.Hurricane_Rita_2D_preliminary_run_4_with_waves_without_advection_implicit_1s,ftp://comt.sura.org/comt_1_archive/inundation_tropical/UND_ADCIRC/Hurricane_Rita_2D_preliminary_run_4_with_waves_without_advection_implicit_1s/,Patrick Corbitt Kerr,ftp://comt.sura.org/comt_1_archive/inundation_tropical/UND_ADCIRC/Hurricane_Rita_2D_preliminary_run_4_with_waves_without_advection_implicit_1s/,A 2D hindcast of Hurricane Rita (2005) using ADCIRC on the ULLR mesh without advection (implicit time step and does not include waves).
inundation_tropical,University of Notre Dame,ADCIRC,Hurricane_Rita_2D_preliminary_run_5_without_waves_and_advection_implicit_1s,ftp://comt.sura.org/comt_1_archive/inundation_tropical/UND_ADCIRC/Hurricane_Rita_2D_preliminary_run_5_without_waves_and_advection_implicit_1s/Model_Metadata_Rita.ULLR2D.h.docx,http://comt.sura.org/thredds/catalog/comt_1_archive_full/inundation_tropical/UND_ADCIRC/Hurricane_Rita_2D_preliminary_run_5_without_waves_and_advection_implicit_1s/catalog.html,http://comt.sura.org/thredds/comt_1_archive_summary.html?dataset=inundation_tropical.UND_ADCIRC.Hurricane_Rita_2D_preliminary_run_5_without_waves_and_advection_implicit_1s,ftp://comt.sura.org/comt_1_archive/inundation_tropical/UND_ADCIRC/Hurricane_Rita_2D_preliminary_run_5_without_waves_and_advection_implicit_1s/,Patrick Corbitt Kerr,ftp://comt.sura.org/comt_1_archive/inundation_tropical/UND_ADCIRC/Hurricane_Rita_2D_preliminary_run_5_without_waves_and_advection_implicit_1s/,A 2D hindcast of Hurricane Rita (2005) using SWAN+ADCIRC on the ULLR mesh without advection (implicit time step and waves included).
inundation_tropical,University of Notre Dame,ADCIRC,Hurricane_Rita_3D_final_run_with_waves,ftp://comt.sura.org/comt_1_archive/inundation_tropical/UND_ADCIRC/Hurricane_Rita_3D_final_run_with_waves/Model_Metadata_Rita.ULLR3D.wv.docx,http://comt.sura.org/thredds/catalog/comt_1_archive_full/inundation_tropical/UND_ADCIRC/Hurricane_Rita_3D_final_run_with_waves/catalog.html,http://comt.sura.org/thredds/comt_1_archive_summary.html?dataset=inundation_tropical.UND_ADCIRC.Hurricane_Rita_3D_final_run_with_waves,ftp://comt.sura.org/comt_1_archive/inundation_tropical/UND_ADCIRC/Hurricane_Rita_3D_final_run_with_waves/,Patrick Corbitt Kerr,ftp://comt.sura.org/comt_1_archive/inundation_tropical/UND_ADCIRC/Hurricane_Rita_3D_final_run_with_waves/,A 3D hindcast of Hurricane Rita (2005) using SWAN+ADCIRC on the ULLR mesh (includes waves).
inundation_tropical,University of Notre Dame,ADCIRC,Hurricane_Rita_3D_final_run_without_waves,ftp://comt.sura.org/comt_1_archive/inundation_tropical/UND_ADCIRC/Hurricane_Rita_3D_final_run_without_waves/Model_Metadata_Rita.ULLR3D.h.docx,http://comt.sura.org/thredds/catalog/comt_1_archive_full/inundation_tropical/UND_ADCIRC/Hurricane_Rita_3D_final_run_without_waves/catalog.html,http://comt.sura.org/thredds/comt_1_archive_summary.html?dataset=inundation_tropical.UND_ADCIRC.Hurricane_Rita_3D_final_run_without_waves,ftp://comt.sura.org/comt_1_archive/inundation_tropical/UND_ADCIRC/Hurricane_Rita_3D_final_run_without_waves/,Patrick Corbitt Kerr,ftp://comt.sura.org/comt_1_archive/inundation_tropical/UND_ADCIRC/Hurricane_Rita_3D_final_run_without_waves/,A 3D hindcast of Hurricane Rita (2005) using ADCIRC on the ULLR mesh (does not include waves).
inundation_tropical,University of Notre Dame,ADCIRC,Hurricane_Rita_3D_preliminary_run_1_spinup,ftp://comt.sura.org/comt_1_archive/inundation_tropical/UND_ADCIRC/Hurricane_Rita_3D_preliminary_run_1_spinup/Model_Metadata_Rita.ULLR3D.s.docx,http://comt.sura.org/thredds/catalog/comt_1_archive_full/inundation_tropical/UND_ADCIRC/Hurricane_Rita_3D_preliminary_run_1_spinup/catalog.html,http://comt.sura.org/thredds/comt_1_archive_summary.html?dataset=inundation_tropical.UND_ADCIRC.Hurricane_Rita_3D_preliminary_run_1_spinup,ftp://comt.sura.org/comt_1_archive/inundation_tropical/UND_ADCIRC/Hurricane_Rita_3D_preliminary_run_1_spinup/,Patrick Corbitt Kerr,ftp://comt.sura.org/comt_1_archive/inundation_tropical/UND_ADCIRC/Hurricane_Rita_3D_preliminary_run_1_spinup/,A 3D spinup of Hurricane Rita (2005) using ADCIRC on the ULLR mesh.
inundation_tropical,University of Notre Dame,ADCIRC,Tides_only_2D_final_run,ftp://comt.sura.org/comt_1_archive/inundation_tropical/UND_ADCIRC/Tides_only_2D_final_run/Model_Metadata_Tides.ULLR2D.a.e4.docx,http://comt.sura.org/thredds/catalog/comt_1_archive_full/inundation_tropical/UND_ADCIRC/Tides_only_2D_final_run/catalog.html,http://comt.sura.org/thredds/comt_1_archive_summary.html?dataset=inundation_tropical.UND_ADCIRC.Tides_only_2D_final_run,ftp://comt.sura.org/comt_1_archive/inundation_tropical/UND_ADCIRC/Tides_only_2D_final_run/,Patrick Corbitt Kerr,ftp://comt.sura.org/comt_1_archive/inundation_tropical/UND_ADCIRC/Tides_only_2D_final_run/,A 2D hindcast of Tides (portion of 2008) using ADCIRC on the ULLR mesh (tides only).
inundation_tropical,University of Notre Dame,ADCIRC,Tides_only_2D_preliminary_run_1_without_advection_implicit_1s,ftp://comt.sura.org/comt_1_archive/inundation_tropical/UND_ADCIRC/Tides_only_2D_preliminary_run_1_without_advection_implicit_1s/Model_Metadata_Tides.ULLR2D.docx,http://comt.sura.org/thredds/catalog/comt_1_archive_full/inundation_tropical/UND_ADCIRC/Tides_only_2D_preliminary_run_1_without_advection_implicit_1s/catalog.html,http://comt.sura.org/thredds/comt_1_archive_summary.html?dataset=inundation_tropical.UND_ADCIRC.Tides_only_2D_preliminary_run_1_without_advection_implicit_1s,ftp://comt.sura.org/comt_1_archive/inundation_tropical/UND_ADCIRC/Tides_only_2D_preliminary_run_1_without_advection_implicit_1s/,Patrick Corbitt Kerr,ftp://comt.sura.org/comt_1_archive/inundation_tropical/UND_ADCIRC/Tides_only_2D_preliminary_run_1_without_advection_implicit_1s/,A 2D hindcast of Tides (portion of 2008) using ADCIRC on the ULLR mesh without advection (tides only and implicit time step).
inundation_tropical,University of Notre Dame,ADCIRC,Tides_only_3D_final_run,ftp://comt.sura.org/comt_1_archive/inundation_tropical/UND_ADCIRC/Tides_only_3D_final_run/Model_Metadata_Tides.ULLR3D.a.docx,http://comt.sura.org/thredds/catalog/comt_1_archive_full/inundation_tropical/UND_ADCIRC/Tides_only_3D_final_run/catalog.html,http://comt.sura.org/thredds/comt_1_archive_summary.html?dataset=inundation_tropical.UND_ADCIRC.Tides_only_3D_final_run,ftp://comt.sura.org/comt_1_archive/inundation_tropical/UND_ADCIRC/Tides_only_3D_final_run/,Patrick Corbitt Kerr,ftp://comt.sura.org/comt_1_archive/inundation_tropical/UND_ADCIRC/Tides_only_3D_final_run/,A 3D hindcast of Tides (portion of 2008) using ADCIRC on the ULLR mesh (tides only).
inundation_tropical,University of Notre Dame,SLOSH,Hurricane_Ike_final_run_egl3,ftp://comt.sura.org/comt_1_archive/inundation_tropical/UND_SLOSH/Hurricane_Ike_final_run_egl3/Model_Metadata_Ike.egl3.OWI.tidal.docx,http://comt.sura.org/thredds/catalog/comt_1_archive_full/inundation_tropical/UND_SLOSH/Hurricane_Ike_final_run_egl3/catalog.html,http://comt.sura.org/thredds/comt_1_archive_summary.html?dataset=inundation_tropical.UND_SLOSH.Hurricane_Ike_final_run_egl3,ftp://comt.sura.org/comt_1_archive/inundation_tropical/UND_SLOSH/Hurricane_Ike_final_run_egl3/,Patrick Corbitt Kerr,ftp://comt.sura.org/comt_1_archive/inundation_tropical/UND_SLOSH/Hurricane_Ike_final_run_egl3/,A hindcast of Hurricane Ike (2008) using SLOSH on the egl3 mesh with data-assimilated winds and superimposement of tidal signals.
inundation_tropical,University of Notre Dame,SLOSH,Hurricane_Ike_final_run_egm3,ftp://comt.sura.org/comt_1_archive/inundation_tropical/UND_SLOSH/Hurricane_Ike_final_run_egm3/Model_Metadata_Ike.egm3.OWI.tidal.docx,http://comt.sura.org/thredds/catalog/comt_1_archive_full/inundation_tropical/UND_SLOSH/Hurricane_Ike_final_run_egm3/catalog.html,http://comt.sura.org/thredds/comt_1_archive_summary.html?dataset=inundation_tropical.UND_SLOSH.Hurricane_Ike_final_run_egm3,ftp://comt.sura.org/comt_1_archive/inundation_tropical/UND_SLOSH/Hurricane_Ike_final_run_egm3/,Patrick Corbitt Kerr,ftp://comt.sura.org/comt_1_archive/inundation_tropical/UND_SLOSH/Hurricane_Ike_final_run_egm3/,A hindcast of Hurricane Ike (2008) using SLOSH on the egm3 mesh with data-assimilated winds and superimposement of tidal signals.
inundation_tropical,University of Notre Dame,SLOSH,Hurricane_Ike_preliminary_run_1_egl3_without_tides,ftp://comt.sura.org/comt_1_archive/inundation_tropical/UND_SLOSH/Hurricane_Ike_preliminary_run_1_egl3_without_tides/Model_Metadata_Ike.egl3.OWI.docx,http://comt.sura.org/thredds/catalog/comt_1_archive_full/inundation_tropical/UND_SLOSH/Hurricane_Ike_preliminary_run_1_egl3_without_tides/catalog.html,http://comt.sura.org/thredds/comt_1_archive_summary.html?dataset=inundation_tropical.UND_SLOSH.Hurricane_Ike_preliminary_run_1_egl3_without_tides,ftp://comt.sura.org/comt_1_archive/inundation_tropical/UND_SLOSH/Hurricane_Ike_preliminary_run_1_egl3_without_tides/,Patrick Corbitt Kerr,ftp://comt.sura.org/comt_1_archive/inundation_tropical/UND_SLOSH/Hurricane_Ike_preliminary_run_1_egl3_without_tides/,A hindcast of Hurricane Ike (2008) using SLOSH on the egl3 mesh with data-assimilated winds.
inundation_tropical,University of Notre Dame,SLOSH,Hurricane_Ike_preliminary_run_2_egl3_with_SLOSH_winds,ftp://comt.sura.org/comt_1_archive/inundation_tropical/UND_SLOSH/Hurricane_Ike_preliminary_run_2_egl3_with_SLOSH_winds/Model_Metadata_Ike.egl3.SWI.tidal.docx,http://comt.sura.org/thredds/catalog/comt_1_archive_full/inundation_tropical/UND_SLOSH/Hurricane_Ike_preliminary_run_2_egl3_with_SLOSH_winds/catalog.html,http://comt.sura.org/thredds/comt_1_archive_summary.html?dataset=inundation_tropical.UND_SLOSH.Hurricane_Ike_preliminary_run_2_egl3_with_SLOSH_winds,ftp://comt.sura.org/comt_1_archive/inundation_tropical/UND_SLOSH/Hurricane_Ike_preliminary_run_2_egl3_with_SLOSH_winds/,Patrick Corbitt Kerr,ftp://comt.sura.org/comt_1_archive/inundation_tropical/UND_SLOSH/Hurricane_Ike_preliminary_run_2_egl3_with_SLOSH_winds/,A hindcast of Hurricane Ike (2008) using SLOSH on the egl3 mesh with SLOSH internal winds and superimposed tides.
inundation_tropical,University of Notre Dame,SLOSH,Hurricane_Ike_preliminary_run_3_egl3_with_SLOSH_winds_without_tides,ftp://comt.sura.org/comt_1_archive/inundation_tropical/UND_SLOSH/Hurricane_Ike_preliminary_run_3_egl3_with_SLOSH_winds_without_tides/Model_Metadata_Ike.egl3.SWI.docx,http://comt.sura.org/thredds/catalog/comt_1_archive_full/inundation_tropical/UND_SLOSH/Hurricane_Ike_preliminary_run_3_egl3_with_SLOSH_winds_without_tides/catalog.html,http://comt.sura.org/thredds/comt_1_archive_summary.html?dataset=inundation_tropical.UND_SLOSH.Hurricane_Ike_preliminary_run_3_egl3_with_SLOSH_winds_without_tides,ftp://comt.sura.org/comt_1_archive/inundation_tropical/UND_SLOSH/Hurricane_Ike_preliminary_run_3_egl3_with_SLOSH_winds_without_tides/,Patrick Corbitt Kerr,ftp://comt.sura.org/comt_1_archive/inundation_tropical/UND_SLOSH/Hurricane_Ike_preliminary_run_3_egl3_with_SLOSH_winds_without_tides/,A hindcast of Hurricane Ike (2008) using SLOSH on the egl3 mesh with SLOSH internal winds.
inundation_tropical,University of Notre Dame,SLOSH,Hurricane_Ike_preliminary_run_4_egm3_without_tides,ftp://comt.sura.org/comt_1_archive/inundation_tropical/UND_SLOSH/Hurricane_Ike_preliminary_run_4_egm3_without_tides/Model_Metadata_Ike.egm3.OWI.docx,http://comt.sura.org/thredds/catalog/comt_1_archive_full/inundation_tropical/UND_SLOSH/Hurricane_Ike_preliminary_run_4_egm3_without_tides/catalog.html,http://comt.sura.org/thredds/comt_1_archive_summary.html?dataset=inundation_tropical.UND_SLOSH.Hurricane_Ike_preliminary_run_4_egm3_without_tides,ftp://comt.sura.org/comt_1_archive/inundation_tropical/UND_SLOSH/Hurricane_Ike_preliminary_run_4_egm3_without_tides/,Patrick Corbitt Kerr,ftp://comt.sura.org/comt_1_archive/inundation_tropical/UND_SLOSH/Hurricane_Ike_preliminary_run_4_egm3_without_tides/,A hindcast of Hurricane Ike (2008) using SLOSH on the egm3 mesh with data-assimilated winds.
inundation_tropical,University of Notre Dame,SLOSH,Hurricane_Ike_preliminary_run_5_egm3_with_SLOSH_winds,ftp://comt.sura.org/comt_1_archive/inundation_tropical/UND_SLOSH/Hurricane_Ike_preliminary_run_5_egm3_with_SLOSH_winds/Model_Metadata_Ike.egm3.SWI.tidal.docx,http://comt.sura.org/thredds/catalog/comt_1_archive_full/inundation_tropical/UND_SLOSH/Hurricane_Ike_preliminary_run_5_egm3_with_SLOSH_winds/catalog.html,http://comt.sura.org/thredds/comt_1_archive_summary.html?dataset=inundation_tropical.UND_SLOSH.Hurricane_Ike_preliminary_run_5_egm3_with_SLOSH_winds,ftp://comt.sura.org/comt_1_archive/inundation_tropical/UND_SLOSH/Hurricane_Ike_preliminary_run_5_egm3_with_SLOSH_winds/,Patrick Corbitt Kerr,ftp://comt.sura.org/comt_1_archive/inundation_tropical/UND_SLOSH/Hurricane_Ike_preliminary_run_5_egm3_with_SLOSH_winds/,A hindcast of Hurricane Ike (2008) using SLOSH on the egm3 mesh with SLOSH internal winds and superimposed tides.
inundation_tropical,University of Notre Dame,SLOSH,Hurricane_Ike_preliminary_run_6_egm3_with_SLOSH_winds_without_tides,ftp://comt.sura.org/comt_1_archive/inundation_tropical/UND_SLOSH/Hurricane_Ike_preliminary_run_6_egm3_with_SLOSH_winds_without_tides/Model_Metadata_Ike.egm3.SWI.docx,http://comt.sura.org/thredds/catalog/comt_1_archive_full/inundation_tropical/UND_SLOSH/Hurricane_Ike_preliminary_run_6_egm3_with_SLOSH_winds_without_tides/catalog.html,http://comt.sura.org/thredds/comt_1_archive_summary.html?dataset=inundation_tropical.UND_SLOSH.Hurricane_Ike_preliminary_run_6_egm3_with_SLOSH_winds_without_tides,ftp://comt.sura.org/comt_1_archive/inundation_tropical/UND_SLOSH/Hurricane_Ike_preliminary_run_6_egm3_with_SLOSH_winds_without_tides/,Patrick Corbitt Kerr,ftp://comt.sura.org/comt_1_archive/inundation_tropical/UND_SLOSH/Hurricane_Ike_preliminary_run_6_egm3_with_SLOSH_winds_without_tides/,A hindcast of Hurricane Ike (2008) using SLOSH on the egm3 mesh with SLOSH internal winds.
inundation_tropical,University of Notre Dame,SLOSH,Hurricane_Rita_final_run_ebp3,ftp://comt.sura.org/comt_1_archive/inundation_tropical/UND_SLOSH/Hurricane_Rita_final_run_ebp3/Model_Metadata_Rita.ebp3.OWI.tidal.docx,http://comt.sura.org/thredds/catalog/comt_1_archive_full/inundation_tropical/UND_SLOSH/Hurricane_Rita_final_run_ebp3/catalog.html,http://comt.sura.org/thredds/comt_1_archive_summary.html?dataset=inundation_tropical.UND_SLOSH.Hurricane_Rita_final_run_ebp3,ftp://comt.sura.org/comt_1_archive/inundation_tropical/UND_SLOSH/Hurricane_Rita_final_run_ebp3/,Patrick Corbitt Kerr,ftp://comt.sura.org/comt_1_archive/inundation_tropical/UND_SLOSH/Hurricane_Rita_final_run_ebp3/,A hindcast of Hurricane Rita (2005) using SLOSH on the ebp3 mesh with data-assimilated winds and superimposement of tidal signals.
inundation_tropical,University of Notre Dame,SLOSH,Hurricane_Rita_final_run_egm3,ftp://comt.sura.org/comt_1_archive/inundation_tropical/UND_SLOSH/Hurricane_Rita_final_run_egm3/Model_Metadata_Rita.egm3.OWI.tidal.docx,http://comt.sura.org/thredds/catalog/comt_1_archive_full/inundation_tropical/UND_SLOSH/Hurricane_Rita_final_run_egm3/catalog.html,http://comt.sura.org/thredds/comt_1_archive_summary.html?dataset=inundation_tropical.UND_SLOSH.Hurricane_Rita_final_run_egm3,ftp://comt.sura.org/comt_1_archive/inundation_tropical/UND_SLOSH/Hurricane_Rita_final_run_egm3/,Patrick Corbitt Kerr,ftp://comt.sura.org/comt_1_archive/inundation_tropical/UND_SLOSH/Hurricane_Rita_final_run_egm3/,A hindcast of Hurricane Rita (2005) using SLOSH on the egm3 mesh with data-assimilated winds and superimposement of tidal signals.
inundation_tropical,University of Notre Dame,SLOSH,Hurricane_Rita_preliminary_run_1_ebp3_without_tides,ftp://comt.sura.org/comt_1_archive/inundation_tropical/UND_SLOSH/Hurricane_Rita_preliminary_run_1_ebp3_without_tides/Model_Metadata_Rita.ebp3.OWI.docx,http://comt.sura.org/thredds/catalog/comt_1_archive_full/inundation_tropical/UND_SLOSH/Hurricane_Rita_preliminary_run_1_ebp3_without_tides/catalog.html,http://comt.sura.org/thredds/comt_1_archive_summary.html?dataset=inundation_tropical.UND_SLOSH.Hurricane_Rita_preliminary_run_1_ebp3_without_tides,ftp://comt.sura.org/comt_1_archive/inundation_tropical/UND_SLOSH/Hurricane_Rita_preliminary_run_1_ebp3_without_tides/,Patrick Corbitt Kerr,ftp://comt.sura.org/comt_1_archive/inundation_tropical/UND_SLOSH/Hurricane_Rita_preliminary_run_1_ebp3_without_tides/,A hindcast of Hurricane Rita (2005) using SLOSH on the ebp3 mesh with data-assimilated winds.
inundation_tropical,University of Notre Dame,SLOSH,Hurricane_Rita_preliminary_run_2_ebp3_with_SLOSH_winds,ftp://comt.sura.org/comt_1_archive/inundation_tropical/UND_SLOSH/Hurricane_Rita_preliminary_run_2_ebp3_with_SLOSH_winds/Model_Metadata_Rita.ebp3.SWI.tidal.docx,http://comt.sura.org/thredds/catalog/comt_1_archive_full/inundation_tropical/UND_SLOSH/Hurricane_Rita_preliminary_run_2_ebp3_with_SLOSH_winds/catalog.html,http://comt.sura.org/thredds/comt_1_archive_summary.html?dataset=inundation_tropical.UND_SLOSH.Hurricane_Rita_preliminary_run_2_ebp3_with_SLOSH_winds,ftp://comt.sura.org/comt_1_archive/inundation_tropical/UND_SLOSH/Hurricane_Rita_preliminary_run_2_ebp3_with_SLOSH_winds/,Patrick Corbitt Kerr,ftp://comt.sura.org/comt_1_archive/inundation_tropical/UND_SLOSH/Hurricane_Rita_preliminary_run_2_ebp3_with_SLOSH_winds/,A hindcast of Hurricane Rita (2005) using SLOSH on the ebp3 mesh with SLOSH internal winds and superimposed tides.
inundation_tropical,University of Notre Dame,SLOSH,Hurricane_Rita_preliminary_run_3_ebp3_with_SLOSH_winds_without_tides,ftp://comt.sura.org/comt_1_archive/inundation_tropical/UND_SLOSH/Hurricane_Rita_preliminary_run_3_ebp3_with_SLOSH_winds_without_tides/Model_Metadata_Rita.ebp3.SWI.docx,http://comt.sura.org/thredds/catalog/comt_1_archive_full/inundation_tropical/UND_SLOSH/Hurricane_Rita_preliminary_run_3_ebp3_with_SLOSH_winds_without_tides/catalog.html,http://comt.sura.org/thredds/comt_1_archive_summary.html?dataset=inundation_tropical.UND_SLOSH.Hurricane_Rita_preliminary_run_3_ebp3_with_SLOSH_winds_without_tides,ftp://comt.sura.org/comt_1_archive/inundation_tropical/UND_SLOSH/Hurricane_Rita_preliminary_run_3_ebp3_with_SLOSH_winds_without_tides/,Patrick Corbitt Kerr,ftp://comt.sura.org/comt_1_archive/inundation_tropical/UND_SLOSH/Hurricane_Rita_preliminary_run_3_ebp3_with_SLOSH_winds_without_tides/,A hindcast of Hurricane Rita (2005) using SLOSH on the ebp3 mesh with SLOSH internal winds.
inundation_tropical,University of Notre Dame,SLOSH,Hurricane_Rita_preliminary_run_4_egm3_without_tides,ftp://comt.sura.org/comt_1_archive/inundation_tropical/UND_SLOSH/Hurricane_Rita_preliminary_run_4_egm3_without_tides/Model_Metadata_Rita.egm3.OWI.docx,http://comt.sura.org/thredds/catalog/comt_1_archive_full/inundation_tropical/UND_SLOSH/Hurricane_Rita_preliminary_run_4_egm3_without_tides/catalog.html,http://comt.sura.org/thredds/comt_1_archive_summary.html?dataset=inundation_tropical.UND_SLOSH.Hurricane_Rita_preliminary_run_4_egm3_without_tides,ftp://comt.sura.org/comt_1_archive/inundation_tropical/UND_SLOSH/Hurricane_Rita_preliminary_run_4_egm3_without_tides/,Patrick Corbitt Kerr,ftp://comt.sura.org/comt_1_archive/inundation_tropical/UND_SLOSH/Hurricane_Rita_preliminary_run_4_egm3_without_tides/,A hindcast of Hurricane Rita (2005) using SLOSH on the egm3 mesh with data-assimilated winds.
inundation_tropical,University of Notre Dame,SLOSH,Hurricane_Rita_preliminary_run_5_egm3_with_SLOSH_winds,ftp://comt.sura.org/comt_1_archive/inundation_tropical/UND_SLOSH/Hurricane_Rita_preliminary_run_5_egm3_with_SLOSH_winds/Model_Metadata_Rita.egm3.SWI.tidal.docx,http://comt.sura.org/thredds/catalog/comt_1_archive_full/inundation_tropical/UND_SLOSH/Hurricane_Rita_preliminary_run_5_egm3_with_SLOSH_winds/catalog.html,http://comt.sura.org/thredds/comt_1_archive_summary.html?dataset=inundation_tropical.UND_SLOSH.Hurricane_Rita_preliminary_run_5_egm3_with_SLOSH_winds,ftp://comt.sura.org/comt_1_archive/inundation_tropical/UND_SLOSH/Hurricane_Rita_preliminary_run_5_egm3_with_SLOSH_winds/,Patrick Corbitt Kerr,ftp://comt.sura.org/comt_1_archive/inundation_tropical/UND_SLOSH/Hurricane_Rita_preliminary_run_5_egm3_with_SLOSH_winds/,A hindcast of Hurricane Rita (2005) using SLOSH on the egm3 mesh with SLOSH internal winds and superimposed tides.
inundation_tropical,University of Notre Dame,SLOSH,Hurricane_Rita_preliminary_run_6_egm3_with_SLOSH_winds_without_tides,ftp://comt.sura.org/comt_1_archive/inundation_tropical/UND_SLOSH/Hurricane_Rita_preliminary_run_6_egm3_with_SLOSH_winds_without_tides/Model_Metadata_Rita.egm3.SWI.docx,http://comt.sura.org/thredds/catalog/comt_1_archive_full/inundation_tropical/UND_SLOSH/Hurricane_Rita_preliminary_run_6_egm3_with_SLOSH_winds_without_tides/catalog.html,http://comt.sura.org/thredds/comt_1_archive_summary.html?dataset=inundation_tropical.UND_SLOSH.Hurricane_Rita_preliminary_run_6_egm3_with_SLOSH_winds_without_tides,ftp://comt.sura.org/comt_1_archive/inundation_tropical/UND_SLOSH/Hurricane_Rita_preliminary_run_6_egm3_with_SLOSH_winds_without_tides/,Patrick Corbitt Kerr,ftp://comt.sura.org/comt_1_archive/inundation_tropical/UND_SLOSH/Hurricane_Rita_preliminary_run_6_egm3_with_SLOSH_winds_without_tides/,A hindcast of Hurricane Rita (2005) using SLOSH on the egm3 mesh with SLOSH internal winds.
inundation_tropical,University of South Florida,FVCOM,Hurricane_Ike_2D_final_run_with_waves,ftp://comt.sura.org/comt_1_archive/inundation_tropical/USF_FVCOM/Hurricane_Ike_2D_final_run_with_waves/FVCOM_Metadata_Ike_2D_with_wave.docx,http://comt.sura.org/thredds/catalog/comt_1_archive_full/inundation_tropical/USF_FVCOM/Hurricane_Ike_2D_final_run_with_waves/catalog.html,http://comt.sura.org/thredds/comt_1_archive_summary.html?dataset=inundation_tropical.USF_FVCOM.Hurricane_Ike_2D_final_run_with_waves,ftp://comt.sura.org/comt_1_archive/inundation_tropical/USF_FVCOM/Hurricane_Ike_2D_final_run_with_waves/,Lianyuan Zheng,ftp://comt.sura.org/comt_1_archive/inundation_tropical/USF_FVCOM/Hurricane_Ike_2D_final_run_with_waves/,A 2D hindcast of Hurricane Ike (2008) using FVCOM and SWAN on the ULLR mesh (includes waves).
inundation_tropical,University of South Florida,FVCOM,Hurricane_Ike_2D_final_run_without_waves,ftp://comt.sura.org/comt_1_archive/inundation_tropical/USF_FVCOM/Hurricane_Ike_2D_final_run_without_waves/FVCOM_Metadata_Ike_2D_without_wave.docx,http://comt.sura.org/thredds/catalog/comt_1_archive_full/inundation_tropical/USF_FVCOM/Hurricane_Ike_2D_final_run_without_waves/catalog.html,http://comt.sura.org/thredds/comt_1_archive_summary.html?dataset=inundation_tropical.USF_FVCOM.Hurricane_Ike_2D_final_run_without_waves,ftp://comt.sura.org/comt_1_archive/inundation_tropical/USF_FVCOM/Hurricane_Ike_2D_final_run_without_waves/,Lianyuan Zheng,ftp://comt.sura.org/comt_1_archive/inundation_tropical/USF_FVCOM/Hurricane_Ike_2D_final_run_without_waves/,A 2D hindcast of Hurricane Ike (2008) using FVCOM on the ULLR mesh (does not include waves).
inundation_tropical,University of South Florida,FVCOM,Hurricane_Ike_3D_final_run_with_waves,ftp://comt.sura.org/comt_1_archive/inundation_tropical/USF_FVCOM/Hurricane_Ike_3D_final_run_with_waves/FVCOM_Metadata_Ike_3D_with_wave.docx,http://comt.sura.org/thredds/catalog/comt_1_archive_full/inundation_tropical/USF_FVCOM/Hurricane_Ike_3D_final_run_with_waves/catalog.html,http://comt.sura.org/thredds/comt_1_archive_summary.html?dataset=inundation_tropical.USF_FVCOM.Hurricane_Ike_3D_final_run_with_waves,ftp://comt.sura.org/comt_1_archive/inundation_tropical/USF_FVCOM/Hurricane_Ike_3D_final_run_with_waves/,Lianyuan Zheng,ftp://comt.sura.org/comt_1_archive/inundation_tropical/USF_FVCOM/Hurricane_Ike_3D_final_run_with_waves/,A 3D hindcast of Hurricane Ike (2008) using FVCOM and SWAN on the ULLR mesh (includes waves).
inundation_tropical,University of South Florida,FVCOM,Hurricane_Ike_3D_final_run_without_waves,ftp://comt.sura.org/comt_1_archive/inundation_tropical/USF_FVCOM/Hurricane_Ike_3D_final_run_without_waves/FVCOM_Metadata_Ike_3D_without_wave.docx,http://comt.sura.org/thredds/catalog/comt_1_archive_full/inundation_tropical/USF_FVCOM/Hurricane_Ike_3D_final_run_without_waves/catalog.html,http://comt.sura.org/thredds/comt_1_archive_summary.html?dataset=inundation_tropical.USF_FVCOM.Hurricane_Ike_3D_final_run_without_waves,ftp://comt.sura.org/comt_1_archive/inundation_tropical/USF_FVCOM/Hurricane_Ike_3D_final_run_without_waves/,Lianyuan Zheng,ftp://comt.sura.org/comt_1_archive/inundation_tropical/USF_FVCOM/Hurricane_Ike_3D_final_run_without_waves/,A 3D hindcast of Hurricane Ike (2008) using FVCOM on the ULLR mesh (does not include waves).
inundation_tropical,University of South Florida,FVCOM,Hurricane_Rita_2D_final_run_with_waves,ftp://comt.sura.org/comt_1_archive/inundation_tropical/USF_FVCOM/Hurricane_Rita_2D_final_run_with_waves/FVCOM_Metadata_Rita_2D_with_wave.docx,http://comt.sura.org/thredds/catalog/comt_1_archive_full/inundation_tropical/USF_FVCOM/Hurricane_Rita_2D_final_run_with_waves/catalog.html,http://comt.sura.org/thredds/comt_1_archive_summary.html?dataset=inundation_tropical.USF_FVCOM.Hurricane_Rita_2D_final_run_with_waves,ftp://comt.sura.org/comt_1_archive/inundation_tropical/USF_FVCOM/Hurricane_Rita_2D_final_run_with_waves/,Lianyuan Zheng,ftp://comt.sura.org/comt_1_archive/inundation_tropical/USF_FVCOM/Hurricane_Rita_2D_final_run_with_waves/,A 2D hindcast of Hurricane Rita (2005) using FVCOM and SWAN on the ULLR mesh (includes waves).
inundation_tropical,University of South Florida,FVCOM,Hurricane_Rita_2D_final_run_without_waves,ftp://comt.sura.org/comt_1_archive/inundation_tropical/USF_FVCOM/Hurricane_Rita_2D_final_run_without_waves/FVCOM_Metadata_Rita_2D_without_wave.docx,http://comt.sura.org/thredds/catalog/comt_1_archive_full/inundation_tropical/USF_FVCOM/Hurricane_Rita_2D_final_run_without_waves/catalog.html,http://comt.sura.org/thredds/comt_1_archive_summary.html?dataset=inundation_tropical.USF_FVCOM.Hurricane_Rita_2D_final_run_without_waves,ftp://comt.sura.org/comt_1_archive/inundation_tropical/USF_FVCOM/Hurricane_Rita_2D_final_run_without_waves/,Lianyuan Zheng,ftp://comt.sura.org/comt_1_archive/inundation_tropical/USF_FVCOM/Hurricane_Rita_2D_final_run_without_waves/,A 2D hindcast of Hurricane Rita (2005) using FVCOM on the ULLR mesh (does not include waves).
inundation_tropical,University of South Florida,FVCOM,Hurricane_Rita_3D_final_run_with_waves,ftp://comt.sura.org/comt_1_archive/inundation_tropical/USF_FVCOM/Hurricane_Rita_3D_final_run_with_waves/FVCOM_Metadata_Rita_3D_with_wave.docx,http://comt.sura.org/thredds/catalog/comt_1_archive_full/inundation_tropical/USF_FVCOM/Hurricane_Rita_3D_final_run_with_waves/catalog.html,http://comt.sura.org/thredds/comt_1_archive_summary.html?dataset=inundation_tropical.USF_FVCOM.Hurricane_Rita_3D_final_run_with_waves,ftp://comt.sura.org/comt_1_archive/inundation_tropical/USF_FVCOM/Hurricane_Rita_3D_final_run_with_waves/,Lianyuan Zheng,ftp://comt.sura.org/comt_1_archive/inundation_tropical/USF_FVCOM/Hurricane_Rita_3D_final_run_with_waves/,A 3D hindcast of Hurricane Rita (2005) using FVCOM and SWAN on the ULLR mesh (includes waves).
inundation_tropical,University of South Florida,FVCOM,Hurricane_Rita_3D_final_run_without_waves,ftp://comt.sura.org/comt_1_archive/inundation_tropical/USF_FVCOM/Hurricane_Rita_3D_final_run_without_waves/FVCOM_Metadata_Rita_3D_without_wave.docx,http://comt.sura.org/thredds/catalog/comt_1_archive_full/inundation_tropical/USF_FVCOM/Hurricane_Rita_3D_final_run_without_waves/catalog.html,http://comt.sura.org/thredds/comt_1_archive_summary.html?dataset=inundation_tropical.USF_FVCOM.Hurricane_Rita_3D_final_run_without_waves,ftp://comt.sura.org/comt_1_archive/inundation_tropical/USF_FVCOM/Hurricane_Rita_3D_final_run_without_waves/,Lianyuan Zheng,ftp://comt.sura.org/comt_1_archive/inundation_tropical/USF_FVCOM/Hurricane_Rita_3D_final_run_without_waves/,A 3D hindcast of Hurricane Rita (2005) using FVCOM on the ULLR mesh (does not include waves).
inundation_tropical,University of South Florida,FVCOM,SWAN_Ike_final_run_with_2DSurge,ftp://comt.sura.org/comt_1_archive/inundation_tropical/USF_FVCOM/SWAN_Ike_final_run_with_2DSurge/Inundation_USF_SWAN_Metadata_Template_for_GOM.doc,http://comt.sura.org/thredds/catalog/comt_1_archive_full/inundation_tropical/USF_FVCOM/SWAN_Ike_final_run_with_2DSurge/catalog.html,http://comt.sura.org/thredds/comt_1_archive_summary.html?dataset=inundation_tropical.USF_FVCOM.SWAN_Ike_final_run_with_2DSurge,ftp://comt.sura.org/comt_1_archive/inundation_tropical/USF_FVCOM/SWAN_Ike_final_run_with_2DSurge/,Lianyuan Zheng,ftp://comt.sura.org/comt_1_archive/inundation_tropical/USF_FVCOM/SWAN_Ike_final_run_with_2DSurge/,A hindcast of Hurricane Ike (2008) using SWAN on the ULLR mesh (includes FVCOM circulation).
inundation_tropical,University of South Florida,FVCOM,SWAN_Ike_final_run_without_Surge,ftp://comt.sura.org/comt_1_archive/inundation_tropical/USF_FVCOM/SWAN_Ike_final_run_without_Surge/Inundation_USF_SWAN_Metadata_Template_for_GOM.doc,http://comt.sura.org/thredds/catalog/comt_1_archive_full/inundation_tropical/USF_FVCOM/SWAN_Ike_final_run_without_Surge/catalog.html,http://comt.sura.org/thredds/comt_1_archive_summary.html?dataset=inundation_tropical.USF_FVCOM.SWAN_Ike_final_run_without_Surge,ftp://comt.sura.org/comt_1_archive/inundation_tropical/USF_FVCOM/SWAN_Ike_final_run_without_Surge/,Lianyuan Zheng,ftp://comt.sura.org/comt_1_archive/inundation_tropical/USF_FVCOM/SWAN_Ike_final_run_without_Surge/,A hindcast of Hurricane Ike (2008) using SWAN on the ULLR mesh (does not include circulation).
inundation_tropical,University of South Florida,FVCOM,SWAN_Rita_final_run_with_2DSurge,ftp://comt.sura.org/comt_1_archive/inundation_tropical/USF_FVCOM/SWAN_Rita_final_run_with_2DSurge/Inundation_USF_SWAN_Metadata_Template_for_GOM.doc,http://comt.sura.org/thredds/catalog/comt_1_archive_full/inundation_tropical/USF_FVCOM/SWAN_Rita_final_run_with_2DSurge/catalog.html,http://comt.sura.org/thredds/comt_1_archive_summary.html?dataset=inundation_tropical.USF_FVCOM.SWAN_Rita_final_run_with_2DSurge,ftp://comt.sura.org/comt_1_archive/inundation_tropical/USF_FVCOM/SWAN_Rita_final_run_with_2DSurge/,Lianyuan Zheng,ftp://comt.sura.org/comt_1_archive/inundation_tropical/USF_FVCOM/SWAN_Rita_final_run_with_2DSurge/,A hindcast of Hurricane Rita (2005) using SWAN on the ULLR mesh (includes FVCOM circulation).
inundation_tropical,University of South Florida,FVCOM,SWAN_Rita_final_run_without_Surge,ftp://comt.sura.org/comt_1_archive/inundation_tropical/USF_FVCOM/SWAN_Rita_final_run_without_Surge/Inundation_USF_SWAN_Metadata_Template_for_GOM.doc,http://comt.sura.org/thredds/catalog/comt_1_archive_full/inundation_tropical/USF_FVCOM/SWAN_Rita_final_run_without_Surge/catalog.html,http://comt.sura.org/thredds/comt_1_archive_summary.html?dataset=inundation_tropical.USF_FVCOM.SWAN_Rita_final_run_without_Surge,ftp://comt.sura.org/comt_1_archive/inundation_tropical/USF_FVCOM/SWAN_Rita_final_run_without_Surge/,Lianyuan Zheng,ftp://comt.sura.org/comt_1_archive/inundation_tropical/USF_FVCOM/SWAN_Rita_final_run_without_Surge/,A hindcast of Hurricane Rita (2005) using SWAN on the ULLR mesh (does not include circulation).
inundation_tropical,University of South Florida,FVCOM,Tides_only_2D_final_run,ftp://comt.sura.org/comt_1_archive/inundation_tropical/USF_FVCOM/Tides_only_2D_final_run/FVCOM_Metadata_Tides_2D_final.docx,http://comt.sura.org/thredds/catalog/comt_1_archive_full/inundation_tropical/USF_FVCOM/Tides_only_2D_final_run/catalog.html,http://comt.sura.org/thredds/comt_1_archive_summary.html?dataset=inundation_tropical.USF_FVCOM.Tides_only_2D_final_run,ftp://comt.sura.org/comt_1_archive/inundation_tropical/USF_FVCOM/Tides_only_2D_final_run/,Lianyuan Zheng,ftp://comt.sura.org/comt_1_archive/inundation_tropical/USF_FVCOM/Tides_only_2D_final_run/,A 2D hindcast of Tides (portion of 2008) using FVCOM on the ULLR mesh (tides only).
inundation_tropical,University of South Florida,FVCOM,Tides_only_2D_preliminary_run_1_fixed_manning,ftp://comt.sura.org/comt_1_archive/inundation_tropical/USF_FVCOM/Tides_only_2D_preliminary_run_1_fixed_manning/FVCOM_Metadata_Tides_2D_fixed_manning.docx,http://comt.sura.org/thredds/catalog/comt_1_archive_full/inundation_tropical/USF_FVCOM/Tides_only_2D_preliminary_run_1_fixed_manning/catalog.html,http://comt.sura.org/thredds/comt_1_archive_summary.html?dataset=inundation_tropical.USF_FVCOM.Tides_only_2D_preliminary_run_1_fixed_manning,ftp://comt.sura.org/comt_1_archive/inundation_tropical/USF_FVCOM/Tides_only_2D_preliminary_run_1_fixed_manning/,Lianyuan Zheng,ftp://comt.sura.org/comt_1_archive/inundation_tropical/USF_FVCOM/Tides_only_2D_preliminary_run_1_fixed_manning/,A 2D hindcast of Tides (portion of 2008) using FVCOM on the ULLR mesh with fixed Manning roughness (tides only).
inundation_tropical,University of South Florida,FVCOM,Tides_only_2D_preliminary_run_2_varied_manning_minimum_manning_0.025,ftp://comt.sura.org/comt_1_archive/inundation_tropical/USF_FVCOM/Tides_only_2D_preliminary_run_2_varied_manning_minimum_manning_0.025/FVCOM_Metadata_Tides_2D_varied_manning.docx,http://comt.sura.org/thredds/catalog/comt_1_archive_full/inundation_tropical/USF_FVCOM/Tides_only_2D_preliminary_run_2_varied_manning_minimum_manning_0.025/catalog.html,http://comt.sura.org/thredds/comt_1_archive_summary.html?dataset=inundation_tropical.USF_FVCOM.Tides_only_2D_preliminary_run_2_varied_manning_minimum_manning_0.025,ftp://comt.sura.org/comt_1_archive/inundation_tropical/USF_FVCOM/Tides_only_2D_preliminary_run_2_varied_manning_minimum_manning_0.025/,Lianyuan Zheng,ftp://comt.sura.org/comt_1_archive/inundation_tropical/USF_FVCOM/Tides_only_2D_preliminary_run_2_varied_manning_minimum_manning_0.025/,A 2D hindcast of Tides (portion of 2008) using FVCOM on the ULLR mesh with minimum Mannings (min n=0.025).
inundation_tropical,University of South Florida,FVCOM,Tides_only_3D_final_run,ftp://comt.sura.org/comt_1_archive/inundation_tropical/USF_FVCOM/Tides_only_3D_final_run/FVCOM_Metadata_Tides_3D_final.docx,http://comt.sura.org/thredds/catalog/comt_1_archive_full/inundation_tropical/USF_FVCOM/Tides_only_3D_final_run/catalog.html,http://comt.sura.org/thredds/comt_1_archive_summary.html?dataset=inundation_tropical.USF_FVCOM.Tides_only_3D_final_run,ftp://comt.sura.org/comt_1_archive/inundation_tropical/USF_FVCOM/Tides_only_3D_final_run/,Lianyuan Zheng,ftp://comt.sura.org/comt_1_archive/inundation_tropical/USF_FVCOM/Tides_only_3D_final_run/,A 3D hindcast of Tides (portion of 2008) using FVCOM on the ULLR mesh (tides only).
inundation_tropical,University of South Florida,FVCOM,Tides_only_3D_preliminary_run_1_fixed_roughness,ftp://comt.sura.org/comt_1_archive/inundation_tropical/USF_FVCOM/Tides_only_3D_preliminary_run_1_fixed_roughness/FVCOM_Metadata_Tides_3D_preliminary_run.docx,http://comt.sura.org/thredds/catalog/comt_1_archive_full/inundation_tropical/USF_FVCOM/Tides_only_3D_preliminary_run_1_fixed_roughness/catalog.html,http://comt.sura.org/thredds/comt_1_archive_summary.html?dataset=inundation_tropical.USF_FVCOM.Tides_only_3D_preliminary_run_1_fixed_roughness,ftp://comt.sura.org/comt_1_archive/inundation_tropical/USF_FVCOM/Tides_only_3D_preliminary_run_1_fixed_roughness/,Lianyuan Zheng,ftp://comt.sura.org/comt_1_archive/inundation_tropical/USF_FVCOM/Tides_only_3D_preliminary_run_1_fixed_roughness/,A 3D hindcast of Tides (portion of 2008) using FVCOM on the ULLR mesh with fixed Manning roughness (tides only).
inundation_tropical,Virginia Institute of Marine Science,SELFE,Hurricane_Ike_2D_final_run_wave_only,ftp://comt.sura.org/comt_1_archive/inundation_tropical/VIMS_SELFE/Hurricane_Ike_2D_final_run_wave_only/Inundation_Model_Metadata_Template_v3_for_wave_only_Ike.docx,http://comt.sura.org/thredds/catalog/comt_1_archive_full/inundation_tropical/VIMS_SELFE/Hurricane_Ike_2D_final_run_wave_only/catalog.html,http://comt.sura.org/thredds/comt_1_archive_summary.html?dataset=inundation_tropical.VIMS_SELFE.Hurricane_Ike_2D_final_run_wave_only,ftp://comt.sura.org/comt_1_archive/inundation_tropical/VIMS_SELFE/Hurricane_Ike_2D_final_run_wave_only/,Harry Wang,ftp://comt.sura.org/comt_1_archive/inundation_tropical/VIMS_SELFE/Hurricane_Ike_2D_final_run_wave_only/,"A hindcast of Hurricane Ike (2008) using WWMII on the ULLR mesh (waves only, no circulation)."
inundation_tropical,Virginia Institute of Marine Science,SELFE,Hurricane_Ike_2D_final_run_with_waves,ftp://comt.sura.org/comt_1_archive/inundation_tropical/VIMS_SELFE/Hurricane_Ike_2D_final_run_with_waves/Inundation_Model_Metadata_Template_v3_for_2D_windstress_sv_with_wave_Ike.docx,http://comt.sura.org/thredds/catalog/comt_1_archive_full/inundation_tropical/VIMS_SELFE/Hurricane_Ike_2D_final_run_with_waves/catalog.html,http://comt.sura.org/thredds/comt_1_archive_summary.html?dataset=inundation_tropical.VIMS_SELFE.Hurricane_Ike_2D_final_run_with_waves,ftp://comt.sura.org/comt_1_archive/inundation_tropical/VIMS_SELFE/Hurricane_Ike_2D_final_run_with_waves/,Harry Wang,ftp://comt.sura.org/comt_1_archive/inundation_tropical/VIMS_SELFE/Hurricane_Ike_2D_final_run_with_waves/,A 2D hindcast of Hurricane Ike (2008) using WWMII+SELFE on the ULLR mesh (includes waves).
inundation_tropical,Virginia Institute of Marine Science,SELFE,Hurricane_Ike_2D_final_run_without_waves,ftp://comt.sura.org/comt_1_archive/inundation_tropical/VIMS_SELFE/Hurricane_Ike_2D_final_run_without_waves/Inundation_Model_Metadata_Template_v3_for_2D_windstress_sv_Ike.docx,http://comt.sura.org/thredds/catalog/comt_1_archive_full/inundation_tropical/VIMS_SELFE/Hurricane_Ike_2D_final_run_without_waves/catalog.html,http://comt.sura.org/thredds/comt_1_archive_summary.html?dataset=inundation_tropical.VIMS_SELFE.Hurricane_Ike_2D_final_run_without_waves,ftp://comt.sura.org/comt_1_archive/inundation_tropical/VIMS_SELFE/Hurricane_Ike_2D_final_run_without_waves/,Harry Wang,ftp://comt.sura.org/comt_1_archive/inundation_tropical/VIMS_SELFE/Hurricane_Ike_2D_final_run_without_waves/,A 2D hindcast of Hurricane Ike (2008) using SELFE on the ULLR mesh (does not include waves).
inundation_tropical,Virginia Institute of Marine Science,SELFE,Hurricane_Ike_3D_final_run_with_waves,ftp://comt.sura.org/comt_1_archive/inundation_tropical/VIMS_SELFE/Hurricane_Ike_3D_final_run_with_waves/Inundation_Model_Metadata_Template_v3_for_3D_windstress_sv_with_wave_Ike.docx,http://comt.sura.org/thredds/catalog/comt_1_archive_full/inundation_tropical/VIMS_SELFE/Hurricane_Ike_3D_final_run_with_waves/catalog.html,http://comt.sura.org/thredds/comt_1_archive_summary.html?dataset=inundation_tropical.VIMS_SELFE.Hurricane_Ike_3D_final_run_with_waves,ftp://comt.sura.org/comt_1_archive/inundation_tropical/VIMS_SELFE/Hurricane_Ike_3D_final_run_with_waves/,Harry Wang,ftp://comt.sura.org/comt_1_archive/inundation_tropical/VIMS_SELFE/Hurricane_Ike_3D_final_run_with_waves/,A 3D hindcast of Hurricane Ike (2008) using WWMII+SELFE on the ULLR mesh (includes waves).
inundation_tropical,Virginia Institute of Marine Science,SELFE,Hurricane_Ike_3D_final_run_without_waves,ftp://comt.sura.org/comt_1_archive/inundation_tropical/VIMS_SELFE/Hurricane_Ike_3D_final_run_without_waves/Inundation_Model_Metadata_Template_v3_for_3D_windstress_sv_Ike.docx,http://comt.sura.org/thredds/catalog/comt_1_archive_full/inundation_tropical/VIMS_SELFE/Hurricane_Ike_3D_final_run_without_waves/catalog.html,http://comt.sura.org/thredds/comt_1_archive_summary.html?dataset=inundation_tropical.VIMS_SELFE.Hurricane_Ike_3D_final_run_without_waves,ftp://comt.sura.org/comt_1_archive/inundation_tropical/VIMS_SELFE/Hurricane_Ike_3D_final_run_without_waves/,Harry Wang,ftp://comt.sura.org/comt_1_archive/inundation_tropical/VIMS_SELFE/Hurricane_Ike_3D_final_run_without_waves/,A 3D hindcast of Hurricane Ike (2008) using SELFE on the ULLR mesh (does not include waves).
inundation_tropical,Virginia Institute of Marine Science,SELFE,Hurricane_Rita_2D_final_run_waves_only,ftp://comt.sura.org/comt_1_archive/inundation_tropical/VIMS_SELFE/Hurricane_Rita_2D_final_run_waves_only/Inundation_Model_Metadata_Template_v3_for_wave_only_Rita.docx,http://comt.sura.org/thredds/catalog/comt_1_archive_full/inundation_tropical/VIMS_SELFE/Hurricane_Rita_2D_final_run_waves_only/catalog.html,http://comt.sura.org/thredds/comt_1_archive_summary.html?dataset=inundation_tropical.VIMS_SELFE.Hurricane_Rita_2D_final_run_waves_only,ftp://comt.sura.org/comt_1_archive/inundation_tropical/VIMS_SELFE/Hurricane_Rita_2D_final_run_waves_only/,Harry Wang,ftp://comt.sura.org/comt_1_archive/inundation_tropical/VIMS_SELFE/Hurricane_Rita_2D_final_run_waves_only/,"A hindcast of Hurricane Rita (2005) using WWMII on the ULLR mesh (waves only, no circulation)."
inundation_tropical,Virginia Institute of Marine Science,SELFE,Hurricane_Rita_2D_final_run_with_waves,ftp://comt.sura.org/comt_1_archive/inundation_tropical/VIMS_SELFE/Hurricane_Rita_2D_final_run_with_waves/Inundation_Model_Metadata_Template_v3_for_2D_windstress_sv_with_wave_Rita.docx,http://comt.sura.org/thredds/catalog/comt_1_archive_full/inundation_tropical/VIMS_SELFE/Hurricane_Rita_2D_final_run_with_waves/catalog.html,http://comt.sura.org/thredds/comt_1_archive_summary.html?dataset=inundation_tropical.VIMS_SELFE.Hurricane_Rita_2D_final_run_with_waves,ftp://comt.sura.org/comt_1_archive/inundation_tropical/VIMS_SELFE/Hurricane_Rita_2D_final_run_with_waves/,Harry Wang,ftp://comt.sura.org/comt_1_archive/inundation_tropical/VIMS_SELFE/Hurricane_Rita_2D_final_run_with_waves/,A 2D hindcast of Hurricane Rita (2005) using WWMII+SELFE on the ULLR mesh (includes waves).
inundation_tropical,Virginia Institute of Marine Science,SELFE,Hurricane_Rita_2D_final_run_without_waves,ftp://comt.sura.org/comt_1_archive/inundation_tropical/VIMS_SELFE/Hurricane_Rita_2D_final_run_without_waves/Inundation_Model_Metadata_Template_v3_for_2D_windstress_sv_Rita.docx,http://comt.sura.org/thredds/catalog/comt_1_archive_full/inundation_tropical/VIMS_SELFE/Hurricane_Rita_2D_final_run_without_waves/catalog.html,http://comt.sura.org/thredds/comt_1_archive_summary.html?dataset=inundation_tropical.VIMS_SELFE.Hurricane_Rita_2D_final_run_without_waves,ftp://comt.sura.org/comt_1_archive/inundation_tropical/VIMS_SELFE/Hurricane_Rita_2D_final_run_without_waves/,Harry Wang,ftp://comt.sura.org/comt_1_archive/inundation_tropical/VIMS_SELFE/Hurricane_Rita_2D_final_run_without_waves/,A 2D hindcast of Hurricane Rita (2005) using SELFE on the ULLR mesh (does not include waves).
inundation_tropical,Virginia Institute of Marine Science,SELFE,Hurricane_Rita_3D_final_run_with_waves,ftp://comt.sura.org/comt_1_archive/inundation_tropical/VIMS_SELFE/Hurricane_Rita_3D_final_run_with_waves/Inundation_Model_Metadata_Template_v3_for_3D_windstress_sv_with_wave_Rita.docx,http://comt.sura.org/thredds/catalog/comt_1_archive_full/inundation_tropical/VIMS_SELFE/Hurricane_Rita_3D_final_run_with_waves/catalog.html,http://comt.sura.org/thredds/comt_1_archive_summary.html?dataset=inundation_tropical.VIMS_SELFE.Hurricane_Rita_3D_final_run_with_waves,ftp://comt.sura.org/comt_1_archive/inundation_tropical/VIMS_SELFE/Hurricane_Rita_3D_final_run_with_waves/,Harry Wang,ftp://comt.sura.org/comt_1_archive/inundation_tropical/VIMS_SELFE/Hurricane_Rita_3D_final_run_with_waves/,A 3D hindcast of Hurricane Rita (2005) using WWMII+SELFE on the ULLR mesh (includes waves).
inundation_tropical,Virginia Institute of Marine Science,SELFE,Hurricane_Rita_3D_final_run_without_waves,ftp://comt.sura.org/comt_1_archive/inundation_tropical/VIMS_SELFE/Hurricane_Rita_3D_final_run_without_waves/Inundation_Model_Metadata_Template_v3_for_3D_windstress_sv_Rita.docx,http://comt.sura.org/thredds/catalog/comt_1_archive_full/inundation_tropical/VIMS_SELFE/Hurricane_Rita_3D_final_run_without_waves/catalog.html,http://comt.sura.org/thredds/comt_1_archive_summary.html?dataset=inundation_tropical.VIMS_SELFE.Hurricane_Rita_3D_final_run_without_waves,ftp://comt.sura.org/comt_1_archive/inundation_tropical/VIMS_SELFE/Hurricane_Rita_3D_final_run_without_waves/,Harry Wang,ftp://comt.sura.org/comt_1_archive/inundation_tropical/VIMS_SELFE/Hurricane_Rita_3D_final_run_without_waves/,A 3D hindcast of Hurricane Rita (2005) using SELFE on the ULLR mesh (does not include waves).
inundation_extratropical,Bedford Institute of Oceanography,WW3,ww3_swan_2005,NA,NA,NA,NA,William Perrie,NA,
inundation_extratropical,Bedford Institute of Oceanography,WW3,ww3_swan_2007,NA,NA,NA,NA,William Perrie,NA,
inundation_extratropical,Bedford Institute of Oceanography,WW3,ww3_swan_wlev_2005,NA,NA,NA,NA,William Perrie,NA,
inundation_extratropical,Bedford Institute of Oceanography,WW3,ww3_swan_wlev_curr_2005,NA,NA,NA,NA,William Perrie,NA,
inundation_extratropical,Bedford Institute of Oceanography,WW3,ww3_swan_wlev_curr_2007_f7,NA,NA,NA,NA,William Perrie,NA,
inundation_extratropical,University of Massachusetts - Dartmouth,FVCOM,2005_3D_final_run_without_waves,NA,http://comt.sura.org/thredds/catalog/comt_1_archive_full/inundation_extratropical/UMASS_FVCOM/2005_3D_final_run_without_waves/catalog.html,http://comt.sura.org/thredds/comt_1_archive_summary.html?dataset=inundation_extratropical.UMASS_FVCOM.2005_3D_final_run_without_waves,ftp://comt.sura.org/comt_1_archive/inundation_extratropical/UMASS_FVCOM/2005_3D_final_run_without_waves/,Changsheng Chen,ftp://comt.sura.org/comt_1_archive/inundation_extratropical/UMASS_FVCOM/2005_3D_final_run_without_waves/,A 3D hindcast of 2005 Storm using FVCOM on the Scituate mesh (does not include waves).
inundation_extratropical,University of Massachusetts - Dartmouth,FVCOM,2005_3D_final_run_waves_only,NA,http://comt.sura.org/thredds/catalog/comt_1_archive_full/inundation_extratropical/UMASS_FVCOM/2005_3D_final_run_waves_only/catalog.html,http://comt.sura.org/thredds/comt_1_archive_summary.html?dataset=inundation_extratropical.UMASS_FVCOM.2005_3D_final_run_waves_only,ftp://comt.sura.org/comt_1_archive/inundation_extratropical/UMASS_FVCOM/2005_3D_final_run_waves_only/,Changsheng Chen,ftp://comt.sura.org/comt_1_archive/inundation_extratropical/UMASS_FVCOM/2005_3D_final_run_waves_only/,A 3D hindcast of 2005 Storm using SWAVE on the Scituate mesh (does not include circulation).
inundation_extratropical,University of Massachusetts - Dartmouth,FVCOM,2005_3D_final_run_with_waves,NA,http://comt.sura.org/thredds/catalog/comt_1_archive_full/inundation_extratropical/UMASS_FVCOM/2005_3D_final_run_with_waves/catalog.html,http://comt.sura.org/thredds/comt_1_archive_summary.html?dataset=inundation_extratropical.UMASS_FVCOM.2005_3D_final_run_with_waves,ftp://comt.sura.org/comt_1_archive/inundation_extratropical/UMASS_FVCOM/2005_3D_final_run_with_waves/,Changsheng Chen,ftp://comt.sura.org/comt_1_archive/inundation_extratropical/UMASS_FVCOM/2005_3D_final_run_with_waves/,A 3D hindcast of 2005 Storm using SWAVE+FVCOM on the Scituate mesh (includes waves).
inundation_extratropical,University of Massachusetts - Dartmouth,FVCOM,2005_3D_preliminary_run_1_without_waves,NA,NA,NA,NA,Changsheng Chen,NA,A 3D hindcast of 2005 Storm using FVCOM on the Scituate mesh (does not include waves).
inundation_extratropical,University of Massachusetts - Dartmouth,FVCOM,2005_3D_preliminary_run_3_waves_only,NA,NA,NA,NA,Changsheng Chen,NA,A 3D hindcast of 2005 Storm using SWAVE on the Scituate mesh (does not include circulation).
inundation_extratropical,University of Massachusetts - Dartmouth,FVCOM,2005_3D_preliminary_run_2_with_waves,NA,NA,NA,NA,Changsheng Chen,NA,A 3D hindcast of 2005 Storm using SWAVE+FVCOM on the Scituate mesh (includes waves).
inundation_extratropical,University of Massachusetts - Dartmouth,FVCOM,2007_3D_final_run_without_waves,NA,http://comt.sura.org/thredds/catalog/comt_1_archive_full/inundation_extratropical/UMASS_FVCOM/2007_3D_final_run_without_waves/catalog.html,http://comt.sura.org/thredds/comt_1_archive_summary.html?dataset=inundation_extratropical.UMASS_FVCOM.2007_3D_final_run_without_waves,ftp://comt.sura.org/comt_1_archive/inundation_extratropical/UMASS_FVCOM/2007_3D_final_run_without_waves/,Changsheng Chen,ftp://comt.sura.org/comt_1_archive/inundation_extratropical/UMASS_FVCOM/2007_3D_final_run_without_waves/,A 3D hindcast of 2007 Storm using FVCOM on the Scituate mesh (does not include waves).
inundation_extratropical,University of Massachusetts - Dartmouth,FVCOM,2007_3D_final_run_waves_only,NA,http://comt.sura.org/thredds/catalog/comt_1_archive_full/inundation_extratropical/UMASS_FVCOM/2007_3D_final_run_waves_only/catalog.html,http://comt.sura.org/thredds/comt_1_archive_summary.html?dataset=inundation_extratropical.UMASS_FVCOM.2007_3D_final_run_waves_only,ftp://comt.sura.org/comt_1_archive/inundation_extratropical/UMASS_FVCOM/2007_3D_final_run_waves_only/,Changsheng Chen,ftp://comt.sura.org/comt_1_archive/inundation_extratropical/UMASS_FVCOM/2007_3D_final_run_waves_only/,A 3D hindcast of 2007 Storm using SWAVE on the Scituate mesh (does not include circulation).
inundation_extratropical,University of Massachusetts - Dartmouth,FVCOM,2007_3D_final_run_with_waves,NA,http://comt.sura.org/thredds/catalog/comt_1_archive_full/inundation_extratropical/UMASS_FVCOM/2007_3D_final_run_with_waves/catalog.html,http://comt.sura.org/thredds/comt_1_archive_summary.html?dataset=inundation_extratropical.UMASS_FVCOM.2007_3D_final_run_with_waves,ftp://comt.sura.org/comt_1_archive/inundation_extratropical/UMASS_FVCOM/2007_3D_final_run_with_waves/,Changsheng Chen,ftp://comt.sura.org/comt_1_archive/inundation_extratropical/UMASS_FVCOM/2007_3D_final_run_with_waves/,A 3D hindcast of 2007 Storm using SWAVE+FVCOM on the Scituate mesh (includes waves).
inundation_extratropical,University of Massachusetts - Dartmouth,FVCOM,2007_3D_preliminary_run_1_without_waves,NA,NA,NA,NA,Changsheng Chen,NA,A 3D hindcast of 2007 Storm using FVCOM on the Scituate mesh (does not include waves).
inundation_extratropical,University of Massachusetts - Dartmouth,FVCOM,2007_3D_preliminary_run_3_waves_only,NA,NA,NA,NA,Changsheng Chen,NA,A 3D hindcast of 2007 Storm using SWAVE on the Scituate mesh (does not include circulation).
inundation_extratropical,University of Massachusetts - Dartmouth,FVCOM,2007_3D_preliminary_run_2_with_waves,NA,NA,NA,NA,Changsheng Chen,NA,A 3D hindcast of 2007 Storm using SWAVE+FVCOM on the Scituate mesh (includes waves).
inundation_extratropical,University of Massachusetts - Dartmouth,FVCOM,2010_12_storm,NA,NA,NA,NA,Changsheng Chen,NA,
inundation_extratropical,University of Massachusetts - Dartmouth,FVCOM,gom3_wave,NA,NA,NA,NA,Changsheng Chen,NA,
inundation_extratropical,University of Massachusetts - Dartmouth,FVCOM,gom3_wave_spectra,NA,NA,NA,NA,Changsheng Chen,NA,
inundation_extratropical,University of Massachusetts - Dartmouth,FVCOM,sci_v11_tide20100501_fine_grid1,NA,NA,NA,NA,Changsheng Chen,NA,
inundation_extratropical,University of Massachusetts - Dartmouth,FVCOM,sci_v9_tide20100710,NA,NA,NA,NA,Changsheng Chen,NA,
inundation_extratropical,University of Notre Dame,ADCIRC,2005_2D_final_run_without_waves,ftp://comt.sura.org/comt_1_archive/inundation_extratropical/UND_ADCIRC/2005_2D_final_run_without_waves/Model_Metadata_2005Storm.Scituate.h.docx,http://comt.sura.org/thredds/catalog/comt_1_archive_full/inundation_extratropical/UND_ADCIRC/2005_2D_final_run_without_waves/catalog.html,http://comt.sura.org/thredds/comt_1_archive_summary.html?dataset=inundation_extratropical.UND_ADCIRC.2005_2D_final_run_without_waves,ftp://comt.sura.org/comt_1_archive/inundation_extratropical/UND_ADCIRC/2005_2D_final_run_without_waves/,Aaron Donahue,ftp://comt.sura.org/comt_1_archive/inundation_extratropical/UND_ADCIRC/2005_2D_final_run_without_waves/,A 2D hindcast of 2005 Storm using ADCIRC on the Scituate mesh (does not include waves).
inundation_extratropical,University of Notre Dame,ADCIRC,2005_2D_final_run_wave_model_only_without_circulation,ftp://comt.sura.org/comt_1_archive/inundation_extratropical/UND_ADCIRC/2005_2D_final_run_wave_model_only_without_circulation/Model_Metadata_2005Storm.Scituate.sw.docx,http://comt.sura.org/thredds/catalog/comt_1_archive_full/inundation_extratropical/UND_ADCIRC/2005_2D_final_run_wave_model_only_without_circulation/catalog.html,http://comt.sura.org/thredds/comt_1_archive_summary.html?dataset=inundation_extratropical.UND_ADCIRC.2005_2D_final_run_wave_model_only_without_circulation,ftp://comt.sura.org/comt_1_archive/inundation_extratropical/UND_ADCIRC/2005_2D_final_run_wave_model_only_without_circulation/,Aaron Donahue,ftp://comt.sura.org/comt_1_archive/inundation_extratropical/UND_ADCIRC/2005_2D_final_run_wave_model_only_without_circulation/,A hindcast of 2005 Storm using SWAN on the Scituate mesh (does not include circulation).
inundation_extratropical,University of Notre Dame,ADCIRC,2005_2D_final_run_with_waves,ftp://comt.sura.org/comt_1_archive/inundation_extratropical/UND_ADCIRC/2005_2D_final_run_with_waves/Model_Metadata_2005Storm.Scituate.wva.docx,http://comt.sura.org/thredds/catalog/comt_1_archive_full/inundation_extratropical/UND_ADCIRC/2005_2D_final_run_with_waves/catalog.html,http://comt.sura.org/thredds/comt_1_archive_summary.html?dataset=inundation_extratropical.UND_ADCIRC.2005_2D_final_run_with_waves,ftp://comt.sura.org/comt_1_archive/inundation_extratropical/UND_ADCIRC/2005_2D_final_run_with_waves/,Aaron Donahue,ftp://comt.sura.org/comt_1_archive/inundation_extratropical/UND_ADCIRC/2005_2D_final_run_with_waves/,A 2D hindcast of 2005 Storm using SWAN+ADCIRC on the Scituate mesh (includes waves).
inundation_extratropical,University of Notre Dame,ADCIRC,2007_2D_final_run_without_waves,ftp://comt.sura.org/comt_1_archive/inundation_extratropical/UND_ADCIRC/2007_2D_final_run_without_waves/Model_Metadata_2007Storm.Scituate.h.docx,http://comt.sura.org/thredds/catalog/comt_1_archive_full/inundation_extratropical/UND_ADCIRC/2007_2D_final_run_without_waves/catalog.html,http://comt.sura.org/thredds/comt_1_archive_summary.html?dataset=inundation_extratropical.UND_ADCIRC.2007_2D_final_run_without_waves,ftp://comt.sura.org/comt_1_archive/inundation_extratropical/UND_ADCIRC/2007_2D_final_run_without_waves/,Aaron Donahue,ftp://comt.sura.org/comt_1_archive/inundation_extratropical/UND_ADCIRC/2007_2D_final_run_without_waves/,A 2D hindcast of 2007 Storm using ADCIRC on the Scituate mesh (does not include waves).
inundation_extratropical,University of Notre Dame,ADCIRC,2007_2D_final_run_wave_model_only_without_circulation,ftp://comt.sura.org/comt_1_archive/inundation_extratropical/UND_ADCIRC/2007_2D_final_run_wave_model_only_without_circulation/Model_Metadata_2007Storm.Scituate.sw.docx,http://comt.sura.org/thredds/catalog/comt_1_archive_full/inundation_extratropical/UND_ADCIRC/2007_2D_final_run_wave_model_only_without_circulation/catalog.html,http://comt.sura.org/thredds/comt_1_archive_summary.html?dataset=inundation_extratropical.UND_ADCIRC.2007_2D_final_run_wave_model_only_without_circulation,ftp://comt.sura.org/comt_1_archive/inundation_extratropical/UND_ADCIRC/2007_2D_final_run_wave_model_only_without_circulation/,Aaron Donahue,ftp://comt.sura.org/comt_1_archive/inundation_extratropical/UND_ADCIRC/2007_2D_final_run_wave_model_only_without_circulation/,A hindcast of 2007 Storm using SWAN on the Scituate mesh (does not include circulation).
inundation_extratropical,University of Notre Dame,ADCIRC,2007_2D_final_run_with_waves,ftp://comt.sura.org/comt_1_archive/inundation_extratropical/UND_ADCIRC/2007_2D_final_run_with_waves/Model_Metadata_2007Storm.Scituate.wva.docx,http://comt.sura.org/thredds/catalog/comt_1_archive_full/inundation_extratropical/UND_ADCIRC/2007_2D_final_run_with_waves/catalog.html,http://comt.sura.org/thredds/comt_1_archive_summary.html?dataset=inundation_extratropical.UND_ADCIRC.2007_2D_final_run_with_waves,ftp://comt.sura.org/comt_1_archive/inundation_extratropical/UND_ADCIRC/2007_2D_final_run_with_waves/,Aaron Donahue,ftp://comt.sura.org/comt_1_archive/inundation_extratropical/UND_ADCIRC/2007_2D_final_run_with_waves/,A 2D hindcast of 2007 Storm using SWAN+ADCIRC on the Scituate mesh (includes waves).
inundation_extratropical,University of Notre Dame,ADCIRC,2010_2D_final_run_tides_only,ftp://comt.sura.org/comt_1_archive/inundation_extratropical/UND_ADCIRC/2010_2D_final_run_tides_only/Model_Metadata_2010Tides.Scituate.t.docx,http://comt.sura.org/thredds/catalog/comt_1_archive_full/inundation_extratropical/UND_ADCIRC/2010_2D_final_run_tides_only/catalog.html,http://comt.sura.org/thredds/comt_1_archive_summary.html?dataset=inundation_extratropical.UND_ADCIRC.2010_2D_final_run_tides_only,ftp://comt.sura.org/comt_1_archive/inundation_extratropical/UND_ADCIRC/2010_2D_final_run_tides_only/,Aaron Donahue,ftp://comt.sura.org/comt_1_archive/inundation_extratropical/UND_ADCIRC/2010_2D_final_run_tides_only/,A 2D hindcast of Tides (portion of 2010) using ADCIRC on the Scituate mesh (does not include waves).
inundation_extratropical,Virginia Institute of Marine Science,SELFE,2005_2D_final_run_waves_only,NA,http://comt.sura.org/thredds/catalog/comt_1_archive_full/inundation_extratropical/VIMS_SELFE/2005_2D_final_run_waves_only/catalog.html,http://comt.sura.org/thredds/comt_1_archive_summary.html?dataset=inundation_extratropical.VIMS_SELFE.2005_2D_final_run_waves_only,ftp://comt.sura.org/comt_1_archive/inundation_extratropical/VIMS_SELFE/2005_2D_final_run_waves_only/,Harry Wang,ftp://comt.sura.org/comt_1_archive/inundation_extratropical/VIMS_SELFE/2005_2D_final_run_waves_only/,A hindcast of 2005 Storm using WWMII on the Scituate mesh (does not include circulation).
inundation_extratropical,Virginia Institute of Marine Science,SELFE,2005_2D_final_run_with_waves,NA,http://comt.sura.org/thredds/catalog/comt_1_archive_full/inundation_extratropical/VIMS_SELFE/2005_2D_final_run_with_waves/catalog.html,http://comt.sura.org/thredds/comt_1_archive_summary.html?dataset=inundation_extratropical.VIMS_SELFE.2005_2D_final_run_with_waves,ftp://comt.sura.org/comt_1_archive/inundation_extratropical/VIMS_SELFE/2005_2D_final_run_with_waves/,Harry Wang,ftp://comt.sura.org/comt_1_archive/inundation_extratropical/VIMS_SELFE/2005_2D_final_run_with_waves/,A 2D hindcast of 2005 Storm using WWMII+SELFE on the Scituate mesh (includes waves).
inundation_extratropical,Virginia Institute of Marine Science,SELFE,2005_2D_final_run_without_waves,NA,http://comt.sura.org/thredds/catalog/comt_1_archive_full/inundation_extratropical/VIMS_SELFE/2005_2D_final_run_without_waves/catalog.html,http://comt.sura.org/thredds/comt_1_archive_summary.html?dataset=inundation_extratropical.VIMS_SELFE.2005_2D_final_run_without_waves,ftp://comt.sura.org/comt_1_archive/inundation_extratropical/VIMS_SELFE/2005_2D_final_run_without_waves/,Harry Wang,ftp://comt.sura.org/comt_1_archive/inundation_extratropical/VIMS_SELFE/2005_2D_final_run_without_waves/,A 2D hindcast of 2005 Storm using SELFE on the Scituate mesh (does not include waves).
inundation_extratropical,Virginia Institute of Marine Science,SELFE,2005_2D_preliminary_run_waves_only,NA,http://comt.sura.org/thredds/catalog/comt_1_archive_full/inundation_extratropical/VIMS_SELFE/2005_2D_preliminary_run_waves_only/catalog.html,http://comt.sura.org/thredds/comt_1_archive_summary.html?dataset=inundation_extratropical.VIMS_SELFE.2005_2D_preliminary_run_waves_only,ftp://comt.sura.org/comt_1_archive/inundation_extratropical/VIMS_SELFE/2005_2D_preliminary_run_waves_only/,Harry Wang,ftp://comt.sura.org/comt_1_archive/inundation_extratropical/VIMS_SELFE/2005_2D_preliminary_run_waves_only/,A hindcast of 2005 Storm using WWMII on the Scituate mesh (does not include circulation).
inundation_extratropical,Virginia Institute of Marine Science,SELFE,2005_2D_preliminary_run_with_waves,NA,http://comt.sura.org/thredds/catalog/comt_1_archive_full/inundation_extratropical/VIMS_SELFE/2005_2D_preliminary_run_with_waves/catalog.html,http://comt.sura.org/thredds/comt_1_archive_summary.html?dataset=inundation_extratropical.VIMS_SELFE.2005_2D_preliminary_run_with_waves,ftp://comt.sura.org/comt_1_archive/inundation_extratropical/VIMS_SELFE/2005_2D_preliminary_run_with_waves/,Harry Wang,ftp://comt.sura.org/comt_1_archive/inundation_extratropical/VIMS_SELFE/2005_2D_preliminary_run_with_waves/,A 2D hindcast of 2005 Storm using WWMII+SELFE on the Scituate mesh (includes waves).
inundation_extratropical,Virginia Institute of Marine Science,SELFE,2005_2D_preliminary_run_without_waves,NA,http://comt.sura.org/thredds/catalog/comt_1_archive_full/inundation_extratropical/VIMS_SELFE/2005_2D_preliminary_run_without_waves/catalog.html,http://comt.sura.org/thredds/comt_1_archive_summary.html?dataset=inundation_extratropical.VIMS_SELFE.2005_2D_preliminary_run_without_waves,ftp://comt.sura.org/comt_1_archive/inundation_extratropical/VIMS_SELFE/2005_2D_preliminary_run_without_waves/,Harry Wang,ftp://comt.sura.org/comt_1_archive/inundation_extratropical/VIMS_SELFE/2005_2D_preliminary_run_without_waves/,A 2D hindcast of 2005 Storm using SELFE on the Scituate mesh (does not include waves).
inundation_extratropical,Virginia Institute of Marine Science,SELFE,2007_2D_final_run_waves_only,NA,http://comt.sura.org/thredds/catalog/comt_1_archive_full/inundation_extratropical/VIMS_SELFE/2007_2D_final_run_waves_only/catalog.html,http://comt.sura.org/thredds/comt_1_archive_summary.html?dataset=inundation_extratropical.VIMS_SELFE.2007_2D_final_run_waves_only,ftp://comt.sura.org/comt_1_archive/inundation_extratropical/VIMS_SELFE/2007_2D_final_run_waves_only/,Harry Wang,ftp://comt.sura.org/comt_1_archive/inundation_extratropical/VIMS_SELFE/2007_2D_final_run_waves_only/,A hindcast of 2007 Storm using WWMII on the Scituate mesh (does not include circulation).
inundation_extratropical,Virginia Institute of Marine Science,SELFE,2007_2D_final_run_with_waves,NA,http://comt.sura.org/thredds/catalog/comt_1_archive_full/inundation_extratropical/VIMS_SELFE/2007_2D_final_run_with_waves/catalog.html,http://comt.sura.org/thredds/comt_1_archive_summary.html?dataset=inundation_extratropical.VIMS_SELFE.2007_2D_final_run_with_waves,ftp://comt.sura.org/comt_1_archive/inundation_extratropical/VIMS_SELFE/2007_2D_final_run_with_waves/,Harry Wang,ftp://comt.sura.org/comt_1_archive/inundation_extratropical/VIMS_SELFE/2007_2D_final_run_with_waves/,A 2D hindcast of 2007 Storm using WWMII+SELFE on the Scituate mesh (includes waves).
inundation_extratropical,Virginia Institute of Marine Science,SELFE,2007_2D_final_run_without_waves,NA,http://comt.sura.org/thredds/catalog/comt_1_archive_full/inundation_extratropical/VIMS_SELFE/2007_2D_final_run_without_waves/catalog.html,http://comt.sura.org/thredds/comt_1_archive_summary.html?dataset=inundation_extratropical.VIMS_SELFE.2007_2D_final_run_without_waves,ftp://comt.sura.org/comt_1_archive/inundation_extratropical/VIMS_SELFE/2007_2D_final_run_without_waves/,Harry Wang,ftp://comt.sura.org/comt_1_archive/inundation_extratropical/VIMS_SELFE/2007_2D_final_run_without_waves/,A 2D hindcast of 2007 Storm using SELFE on the Scituate mesh (does not include waves).
inundation_extratropical,Virginia Institute of Marine Science,SELFE,2007_2D_preliminary_run_waves_only,NA,http://comt.sura.org/thredds/catalog/comt_1_archive_full/inundation_extratropical/VIMS_SELFE/2007_2D_preliminary_run_waves_only/catalog.html,http://comt.sura.org/thredds/comt_1_archive_summary.html?dataset=inundation_extratropical.VIMS_SELFE.2007_2D_preliminary_run_waves_only,ftp://comt.sura.org/comt_1_archive/inundation_extratropical/VIMS_SELFE/2007_2D_preliminary_run_waves_only/,Harry Wang,ftp://comt.sura.org/comt_1_archive/inundation_extratropical/VIMS_SELFE/2007_2D_preliminary_run_waves_only/,A hindcast of 2007 Storm using WWMII on the Scituate mesh (does not include circulation).
inundation_extratropical,Virginia Institute of Marine Science,SELFE,2007_2D_preliminary_run_with_waves,NA,http://comt.sura.org/thredds/catalog/comt_1_archive_full/inundation_extratropical/VIMS_SELFE/2007_2D_preliminary_run_with_waves/catalog.html,http://comt.sura.org/thredds/comt_1_archive_summary.html?dataset=inundation_extratropical.VIMS_SELFE.2007_2D_preliminary_run_with_waves,ftp://comt.sura.org/comt_1_archive/inundation_extratropical/VIMS_SELFE/2007_2D_preliminary_run_with_waves/,Harry Wang,ftp://comt.sura.org/comt_1_archive/inundation_extratropical/VIMS_SELFE/2007_2D_preliminary_run_with_waves/,A 2D hindcast of 2007 Storm using WWMII+SELFE on the Scituate mesh (includes waves).
inundation_extratropical,Virginia Institute of Marine Science,SELFE,2007_2D_preliminary_run_without_waves,NA,http://comt.sura.org/thredds/catalog/comt_1_archive_full/inundation_extratropical/VIMS_SELFE/2007_2D_preliminary_run_without_waves/catalog.html,http://comt.sura.org/thredds/comt_1_archive_summary.html?dataset=inundation_extratropical.VIMS_SELFE.2007_2D_preliminary_run_without_waves,ftp://comt.sura.org/comt_1_archive/inundation_extratropical/VIMS_SELFE/2007_2D_preliminary_run_without_waves/,Harry Wang,ftp://comt.sura.org/comt_1_archive/inundation_extratropical/VIMS_SELFE/2007_2D_preliminary_run_without_waves/,A 2D hindcast of 2007 Storm using SELFE on the Scituate mesh (does not include waves).
inundation_extratropical,Virginia Institute of Marine Science,SELFE,2010_2D_final_run_tide_only,NA,http://comt.sura.org/thredds/catalog/comt_1_archive_full/inundation_extratropical/VIMS_SELFE/2010_2D_final_run_tide_only/catalog.html,http://comt.sura.org/thredds/comt_1_archive_summary.html?dataset=inundation_extratropical.VIMS_SELFE.2010_2D_final_run_tide_only,ftp://comt.sura.org/comt_1_archive/inundation_extratropical/VIMS_SELFE/2010_2D_final_run_tide_only/,Harry Wang,ftp://comt.sura.org/comt_1_archive/inundation_extratropical/VIMS_SELFE/2010_2D_final_run_tide_only/,A 2D hindcast of Tides (portion of 2010) using SELFE on the Scituate mesh (does not include waves).
inundation_extratropical,Virginia Institute of Marine Science,SELFE,2010_2D_preliminary_run_without_waves,NA,http://comt.sura.org/thredds/catalog/comt_1_archive_full/inundation_extratropical/VIMS_SELFE/2010_2D_preliminary_run_without_waves/catalog.html,http://comt.sura.org/thredds/comt_1_archive_summary.html?dataset=inundation_extratropical.VIMS_SELFE.2010_2D_preliminary_run_without_waves,ftp://comt.sura.org/comt_1_archive/inundation_extratropical/VIMS_SELFE/2010_2D_preliminary_run_without_waves/,Harry Wang,ftp://comt.sura.org/comt_1_archive/inundation_extratropical/VIMS_SELFE/2010_2D_preliminary_run_without_waves/,A 2D hindcast of Tides (portion of 2010) using SELFE on the Scituate mesh (does not include waves).
estuarine_hypoxia,University of Maryland for Environmental Science,CHESROMS,Long_Hood_ChesROMS_BGC/ChesROMS_BGC_1991-?2005,NA,NA,NA,NA,Willis Long,NA,
estuarine_hypoxia,NOAA,CBOFS,NOAA_CBOFS/CBOFS,NA,NA,NA,NA,,NA,
estuarine_hypoxia,NOAA,CBOFS,NOAA_CBOFS/CBOFS_1termDO_2004,NA,NA,NA,NA,,NA,
estuarine_hypoxia,Old Dominion University,CHESROMS,Scully_ChesROMS_1termDO/ChesROMS_1termDO_1991-2005,NA,NA,NA,NA,Malcolm Scully,NA,
estuarine_hypoxia,Old Dominion University,CHESROMS,Scully_ChesROMS_1termDO/ChesROMS_1termDO_2004-2005,NA,NA,NA,NA,Malcolm Scully,NA,
estuarine_hypoxia,University of Maryland for Environmental Science,CHESROMS,Li_UMCES_ROMS/Case01_Y2004_lres,NA,NA,NA,NA,Yun Li,NA,
estuarine_hypoxia,University of Maryland for Environmental Science,CHESROMS,Li_UMCES_ROMS/Case02_Y2004_hres,NA,NA,NA,NA,Yun Li,NA,
estuarine_hypoxia,University of Maryland for Environmental Science,CHESROMS,Li_UMCES_ROMS/Case03_Y2005_lres,NA,NA,NA,NA,Yun Li,NA,
estuarine_hypoxia,University of Maryland for Environmental Science,CHESROMS,Li_UMCES_ROMS/Case04_Y2005_hres,NA,NA,NA,NA,Yun Li,NA,
estuarine_hypoxia,USACE,CH3D,Shen_VIMS_EFDC/EFDC_DO3d_2004,NA,NA,NA,NA,Jian Shen,NA,
estuarine_hypoxia,Virginia Institute of Marine Science,CBOFS2,Bever_et_al_manuscript_runs_VIMS/CBOFS2_2004_2005,NA,NA,NA,NA,Aaron Bever,NA,
estuarine_hypoxia,Virginia Institute of Marine Science,CH3D,Bever_et_al_manuscript_runs_VIMS/CH3D_ICM_2004,NA,NA,NA,NA,Aaron Bever,NA,
estuarine_hypoxia,Virginia Institute of Marine Science,CH3D,Bever_et_al_manuscript_runs_VIMS/CH3D_ICM_2005,NA,NA,NA,NA,Aaron Bever,NA,
estuarine_hypoxia,Virginia Institute of Marine Science,CHESROMS,Bever_et_al_manuscript_runs_VIMS/ChesROMS_constantR_2004,NA,NA,NA,NA,Aaron Bever,NA,
estuarine_hypoxia,Virginia Institute of Marine Science,CHESROMS,Bever_et_al_manuscript_runs_VIMS/ChesROMS_constantR_2005,NA,NA,NA,NA,Aaron Bever,NA,
estuarine_hypoxia,Virginia Institute of Marine Science,CHESROMS,Bever_et_al_manuscript_runs_VIMS/ChesROMS_DepthDep_2004,NA,NA,NA,NA,Aaron Bever,NA,
estuarine_hypoxia,Virginia Institute of Marine Science,CHESROMS,Bever_et_al_manuscript_runs_VIMS/ChesROMS_DepthDep_2005,NA,NA,NA,NA,Aaron Bever,NA,
shelf_hypoxia,Dalhousie University,ROMS,"
2004-2009_climatology_obc_with_oxygen_hnd_soc_20layers",NA,"http://comt.sura.org/thredds/catalog/comt_1_archive_full/shelf_hypoxia/DAL_ROMS/
2004-2009_climatology_obc_with_oxygen_hnd_soc_20layers/catalog.html","http://comt.sura.org/thredds/comt_1_archive_summary.html?dataset=shelf_hypoxia.DAL_ROMS.
2004-2009_climatology_obc_with_oxygen_hnd_soc_20layers","ftp://comt.sura.org/comt_1_archive/shelf_hypoxia/DAL_ROMS/
2004-2009_climatology_obc_with_oxygen_hnd_soc_20layers/",Katja Fennel,"ftp://comt.sura.org/comt_1_archive/shelf_hypoxia/DAL_ROMS/
2004-2009_climatology_obc_with_oxygen_hnd_soc_20layers/",
shelf_hypoxia,Dalhousie University,ROMS,2004-2009_climatology_obc_with_oxygen_inst_rem_20layers,NA,http://comt.sura.org/thredds/catalog/comt_1_archive_full/shelf_hypoxia/DAL_ROMS/2004-2009_climatology_obc_with_oxygen_inst_rem_20layers/catalog.html,http://comt.sura.org/thredds/comt_1_archive_summary.html?dataset=shelf_hypoxia.DAL_ROMS.2004-2009_climatology_obc_with_oxygen_inst_rem_20layers,ftp://comt.sura.org/comt_1_archive/shelf_hypoxia/DAL_ROMS/2004-2009_climatology_obc_with_oxygen_inst_rem_20layers/,Katja Fennel,ftp://comt.sura.org/comt_1_archive/shelf_hypoxia/DAL_ROMS/2004-2009_climatology_obc_with_oxygen_inst_rem_20layers/,
shelf_hypoxia,Dalhousie University,ROMS,2004-2009_hycom_obc_with_oxygen_inst_rem_30layers,NA,http://comt.sura.org/thredds/catalog/comt_1_archive_full/shelf_hypoxia/DAL_ROMS/2004-2009_hycom_obc_with_oxygen_inst_rem_30layers/catalog.html,http://comt.sura.org/thredds/comt_1_archive_summary.html?dataset=shelf_hypoxia.DAL_ROMS.2004-2009_hycom_obc_with_oxygen_inst_rem_30layers,ftp://comt.sura.org/comt_1_archive/shelf_hypoxia/DAL_ROMS/2004-2009_hycom_obc_with_oxygen_inst_rem_30layers/,Katja Fennel,ftp://comt.sura.org/comt_1_archive/shelf_hypoxia/DAL_ROMS/2004-2009_hycom_obc_with_oxygen_inst_rem_30layers/,
shelf_hypoxia,Dalhousie University,ROMS,2004-2009_ias_obc_with_oxygen_hnd_soc_30layers,NA,http://comt.sura.org/thredds/catalog/comt_1_archive_full/shelf_hypoxia/DAL_ROMS/2004-2009_ias_obc_with_oxygen_hnd_soc_30layers/catalog.html,http://comt.sura.org/thredds/comt_1_archive_summary.html?dataset=shelf_hypoxia.DAL_ROMS.2004-2009_ias_obc_with_oxygen_hnd_soc_30layers,ftp://comt.sura.org/comt_1_archive/shelf_hypoxia/DAL_ROMS/2004-2009_ias_obc_with_oxygen_hnd_soc_30layers/,Katja Fennel,ftp://comt.sura.org/comt_1_archive/shelf_hypoxia/DAL_ROMS/2004-2009_ias_obc_with_oxygen_hnd_soc_30layers/,
shelf_hypoxia,Dalhousie University,ROMS,2004-2009_hycom_obc_with_oxygen_hnd_soc_30layers,NA,http://comt.sura.org/thredds/catalog/comt_1_archive_full/shelf_hypoxia/DAL_ROMS/2004-2009_hycom_obc_with_oxygen_hnd_soc_30layers/catalog.html,http://comt.sura.org/thredds/comt_1_archive_summary.html?dataset=shelf_hypoxia.DAL_ROMS.2004-2009_hycom_obc_with_oxygen_hnd_soc_30layers,ftp://comt.sura.org/comt_1_archive/shelf_hypoxia/DAL_ROMS/2004-2009_hycom_obc_with_oxygen_hnd_soc_30layers/,Katja Fennel,ftp://comt.sura.org/comt_1_archive/shelf_hypoxia/DAL_ROMS/2004-2009_hycom_obc_with_oxygen_hnd_soc_30layers/,
shelf_hypoxia,Dalhousie University,ROMS,2004-2009_ias_obc_with_oxygen_inst_rem_30layers,NA,http://comt.sura.org/thredds/catalog/comt_1_archive_full/shelf_hypoxia/DAL_ROMS/2004-2009_ias_obc_with_oxygen_inst_rem_30layers/catalog.html,http://comt.sura.org/thredds/comt_1_archive_summary.html?dataset=shelf_hypoxia.DAL_ROMS.2004-2009_ias_obc_with_oxygen_inst_rem_30layers,ftp://comt.sura.org/comt_1_archive/shelf_hypoxia/DAL_ROMS/2004-2009_ias_obc_with_oxygen_inst_rem_30layers/,Katja Fennel,ftp://comt.sura.org/comt_1_archive/shelf_hypoxia/DAL_ROMS/2004-2009_ias_obc_with_oxygen_inst_rem_30layers/,
shelf_hypoxia,NAVOCEAN,NCOM_AMSEAS,ncom_amseas,NA,NA,NA,NA,Frank Bub,NA,
shelf_hypoxia,NOAA,NGOM,NGOM,NA,NA,NA,NA,Jiangtao Xu,NA,
shelf_hypoxia,Texas A&M University,Altimeter Data,ssh,NA,NA,NA,NA,Rob Hetland,NA,
shelf_hypoxia,Texas A&M University,ROMS,roms,NA,NA,NA,NA,Rob Hetland,NA,